"Site","Plot","USDA_Species","Tree_Plant_Number","Leaf_Number","Canopy_Position","Leaf_Age","Sample_Name","Rep","Date","Cond"
"DREC","Plot3","BEVU2","na","7","Top","na","DREC_Plot3_BEVU2_L7T_GE","1","6/11/15",0.042128322
"DREC","Plot3","BEVU2","na","7","Top","na","DREC_Plot3_BEVU2_L7T_GE","1","6/11/15",0.046700515
"DREC","Plot3","BEVU2","na","7","Top","na","DREC_Plot3_BEVU2_L7T_GE","1","6/11/15",0.049969796
"DREC","Plot1","BEVU2","na","8","Top","na","DREC_Plot1_BEVU2_L8T_GE","1","6/11/15",0.055688812
"DREC","Plot1","BEVU2","na","8","Top","na","DREC_Plot1_BEVU2_L8T_GE","1","6/11/15",0.052230456
"DREC","Plot1","BEVU2","na","8","Top","na","DREC_Plot1_BEVU2_L8T_GE","1","6/11/15",0.049627348
"DREC","Plot1","BEVU2","na","9","Top","na","DREC_Plot1_BEVU2_L9T_GE","1","6/11/15",0.057332471
"DREC","Plot3","BEVU2","na","10","Top","na","DREC_Plot3_BEVU2_L10T_GE","1","6/11/15",0.02207065
"DREC","Plot3","BEVU2","na","10","Top","na","DREC_Plot3_BEVU2_L10T_GE","1","6/11/15",0.023771736
"DREC","Plot3","BEVU2","na","10","Top","na","DREC_Plot3_BEVU2_L10T_GE","1","6/11/15",0.023788375
"DREC","Plot1","BEVU2","na","11","Top","na","DREC_Plot1_BEVU2_L11T_GE","1","6/11/15",0.034420007
"DREC","Plot1","BEVU2","na","11","Top","na","DREC_Plot1_BEVU2_L11T_GE","1","6/11/15",0.031032932
"DREC","Plot1","BEVU2","na","11","Top","na","DREC_Plot1_BEVU2_L11T_GE","1","6/11/15",0.029624538
"DREC","Plot1","BEVU2","na","12","Top","na","DREC_Plot1_BEVU2_L12T_GE","1","6/11/15",0.020444621
"DREC","Plot1","BEVU2","na","12","Top","na","DREC_Plot1_BEVU2_L12T_GE","1","6/11/15",0.023776439
"DREC","Plot1","BEVU2","na","12","Top","na","DREC_Plot1_BEVU2_L12T_GE","1","6/11/15",0.024532814
