"Site","Plot","Species","Tree_Plant_Number","Leaf_Number","Canopy_Position","Leaf_Age","Sample_Name","Rep","Date","LiCor","Cond"
"KARE","Plot1","Pomegranate","none","3","Top","none","KARE_Plot1_Pomegranate_L3T_GE","2","4/12/14","PSC0179",0.0661
"KARE","Plot1","Pomegranate","none","3","Top","none","KARE_Plot1_Pomegranate_L3T_GE","2","4/12/14","PSC0179",0.0724
"KARE","Plot1","Pomegranate","none","7","Top","none","KARE_Plot1_Pomegranate_L7T_GE","3","4/12/14","PSC0179",0.0805
"KARE","Plot1","Pomegranate","none","7","Top","none","KARE_Plot1_Pomegranate_L7T_GE","3","4/12/14","PSC0179",0.0718
