"Site","Plot","USDA_Species","Tree_Plant_Number","Leaf_Number","Canopy_Position","Leaf_Age","Sample_Name","Rep","Date","Cond"
"Shafter","Plot02","SOTU","na","12","Top","na","Shafter_SOTU_Plot2_L12T_GE","1","6/10/15",0.06139598
"Shafter","Plot04","SOTU","na","15","Top","na","Shafter_SOTU_Plot4_L15T_GE","1","6/10/15",0.057302654
"Shafter","Plot04","SOTU","na","16","Top","na","Shafter_SOTU_Plot4_L16T_GE","1","6/10/15",0.045306702
"Shafter","Plot04","SOTU","na","16","Top","na","Shafter_SOTU_Plot4_L16T_GE","1","6/10/15",0.047601741
"Shafter","Plot04","SOTU","na","16","Top","na","Shafter_SOTU_Plot4_L16T_GE","1","6/10/15",0.047799421
"Shafter","Plot04","SOTU","na","16","Top","na","Shafter_SOTU_Plot4_L16T_GE","1","6/10/15",0.050611074
"Shafter","Plot04","SOTU","na","16","Top","na","Shafter_SOTU_Plot4_L16T_GE","1","6/10/15",0.054134426
"Shafter","Plot03","SOTU","na","17","Top","na","Shafter_SOTU_Plot3_L17T_GE","1","6/10/15",0.053629034
"Shafter","Plot03","SOTU","na","17","Top","na","Shafter_SOTU_Plot3_L17T_GE","1","6/10/15",0.064470475
"Shafter","Plot01","SOTU","na","18","Top","na","Shafter_SOTU_Plot1_L18T_GE","1","6/10/15",0.051954641
"Shafter","Plot01","SOTU","na","18","Top","na","Shafter_SOTU_Plot1_L18T_GE","1","6/10/15",0.058242889
"Shafter","Plot02","SOTU","na","21","Top","na","Shafter_SOTU_Plot2_L21T_GE","1","6/10/15",0.058449124
"Shafter","Plot02","SOTU","na","22","Top","na","Shafter_SOTU_Plot2_L22T_GE","1","6/10/15",0.038253577
"Shafter","Plot02","SOTU","na","22","Top","na","Shafter_SOTU_Plot2_L22T_GE","1","6/10/15",0.048407055
"Shafter","Plot02","SOTU","na","22","Top","na","Shafter_SOTU_Plot2_L22T_GE","1","6/10/15",0.052461919
"Shafter","Plot02","SOTU","na","23","Top","na","Shafter_SOTU_Plot2_L23T_GE","1","6/10/15",0.0414038
"Shafter","Plot02","SOTU","na","24","Top","na","Shafter_SOTU_Plot2_L24T_GE","1","6/10/15",0.049265628
"Shafter","Plot02","SOTU","na","24","Top","na","Shafter_SOTU_Plot2_L24T_GE","1","6/10/15",0.056699738
"Shafter","Plot02","SOTU","na","24","Top","na","Shafter_SOTU_Plot2_L24T_GE","1","6/10/15",0.063418967
"Shafter","Plot02","SOTU","na","24","Top","na","Shafter_SOTU_Plot2_L24T_GE","1","6/10/15",0.050760924
"Shafter","Plot04","SOTU","na","25","Top","na","Shafter_SOTU_Plot4_L25T_GE","1","6/10/15",0.04976326
"Shafter","Plot04","SOTU","na","25","Top","na","Shafter_SOTU_Plot4_L25T_GE","1","6/10/15",0.059410307
"Shafter","Plot03","SOTU","na","26","Top","na","Shafter_SOTU_Plot3_L26T_GE","1","6/10/15",0.050390314
"Shafter","Plot03","SOTU","na","26","Top","na","Shafter_SOTU_Plot3_L26T_GE","1","6/10/15",0.052180676
"Shafter","Plot03","SOTU","na","26","Top","na","Shafter_SOTU_Plot3_L26T_GE","1","6/10/15",0.053044466
