"Site","Plot","USDA_Species","Tree_Plant_Number","Leaf_Number","Canopy_Position","Leaf_Age","Sample_Name","Rep","Date","Mean.Tleaf","Tleaf"
"KARE","Plot1","PIME4","na","2","Top","na","KARE_Plot1_PIME4_L2_GE","1","6/8/15",27.69969797,25.21664047
"KARE","Plot1","PIME4","na","2","Top","na","KARE_Plot1_PIME4_L2_GE","1","6/8/15",27.69969797,29.21900749
"KARE","Plot1","PIME4","na","2","Top","na","KARE_Plot1_PIME4_L2_GE","1","6/8/15",27.69969797,29.97990799
"KARE","Plot2","PIME4","na","10","Top","na","KARE_Plot2_PIME4_L10_GE","1","6/8/15",31.1487958071429,37.20465469
"KARE","Plot1","PUGR2","na","12","Top","na","KARE_Plot1_PUGR2_L12_GE","1","6/7/15",36.01151657,37.65961456
