"Site","Plot","USDA_Species","Tree_Plant_Number","Leaf_Number","Canopy_Position","Leaf_Age","Sample_Name","Rep","Date","Cond"
"KARE","Plot1","PIME4","na","1","Top","na","KARE_Plot1_PIME4_L1_GE","1","6/8/15",0.044840747
"KARE","Plot1","PIME4","na","1","Top","na","KARE_Plot1_PIME4_L1_GE","1","6/8/15",0.049702507
"KARE","Plot1","PIME4","na","1","Top","na","KARE_Plot1_PIME4_L1_GE","1","6/8/15",0.05496131
"KARE","Plot2","PIME4","na","10","Top","na","KARE_Plot2_PIME4_L10_GE","1","6/8/15",0.050697942
"KARE","Plot2","PIME4","na","20","Top","na","KARE_Plot2_PIME4_L20_GE","1","6/8/15",0.060901167
"KARE","Plot2","PIME4","na","21","Top","na","KARE_Plot2_PIME4_L21_GE","1","6/8/15",0.059852096
"KARE","Plot2","PIME4","na","21","Top","na","KARE_Plot2_PIME4_L21_GE","1","6/8/15",0.064881828
"KARE","Plot2","PIME4","na","23","Top","na","KARE_Plot2_PIME4_L23_GE","1","6/8/15",0.056792834
"KARE","Plot2","PIME4","na","23","Top","na","KARE_Plot2_PIME4_L23_GE","1","6/8/15",0.063984975
"KARE","Plot2","PIME4","na","23","Top","na","KARE_Plot2_PIME4_L23_GE","1","6/8/15",0.063653229
"KARE","Plot1","PIME4","na","25","Top","na","KARE_Plot1_PIME4_L25_GE","1","6/8/15",0.038950971
"KARE","Plot1","PIME4","na","25","Top","na","KARE_Plot1_PIME4_L25_GE","1","6/8/15",0.039597228
"KARE","Plot1","PIME4","na","25","Top","na","KARE_Plot1_PIME4_L25_GE","1","6/8/15",0.049014142
"KARE","Plot1","PIME4","na","25","Top","na","KARE_Plot1_PIME4_L25_GE","1","6/8/15",0.049350159
"KARE","Plot1","PIME4","na","26","Top","na","KARE_Plot1_PIME4_L26_GE","1","6/8/15",0.043447695
"KARE","Plot1","PIME4","na","26","Top","na","KARE_Plot1_PIME4_L26_GE","1","6/8/15",0.056545124
"KARE","Plot1","PIME4","na","26","Top","na","KARE_Plot1_PIME4_L26_GE","1","6/8/15",0.059418367
"KARE","Plot1","PIME4","na","27","Top","na","KARE_Plot1_PIME4_L27_GE","1","6/8/15",0.043387804
"KARE","Plot1","PIME4","na","27","Top","na","KARE_Plot1_PIME4_L27_GE","1","6/8/15",0.055762878
"KARE","Plot1","PIME4","na","27","Top","na","KARE_Plot1_PIME4_L27_GE","1","6/8/15",0.057247006
"KARE","Plot1","PIME4","na","27","Top","na","KARE_Plot1_PIME4_L27_GE","1","6/8/15",0.058335406
"KARE","Plot1","PIME4","na","27","Top","na","KARE_Plot1_PIME4_L27_GE","1","6/8/15",0.060376668
"KARE","Plot4","PUGR2","na","8","Top","na","KARE_Plot4_PUGR2_L8_GE","1","6/7/15",0.06482783
"KARE","Plot1","PUGR2","na","11","Top","na","KARE_Plot1_PUGR2_L11_GE","1","6/7/15",0.063060773
"KARE","Plot1","PUGR2","na","11","Top","na","KARE_Plot1_PUGR2_L11_GE","1","6/7/15",0.057486439
"KARE","Plot1","PUGR2","na","11","Top","na","KARE_Plot1_PUGR2_L11_GE","1","6/7/15",0.053551692
"KARE","Plot1","PUGR2","na","12","Top","na","KARE_Plot1_PUGR2_L12_GE","1","6/7/15",0.048547102
"KARE","Plot1","PUGR2","na","12","Top","na","KARE_Plot1_PUGR2_L12_GE","1","6/7/15",0.054634236
"KARE","Plot1","PUGR2","na","12","Top","na","KARE_Plot1_PUGR2_L12_GE","1","6/7/15",0.04983832
"KARE","Plot2","PUGR2","na","13","Top","na","KARE_Plot2_PUGR2_L13_GE","1","6/7/15",0.064124109
"KARE","Plot3","PUGR2","na","15","Top","na","KARE_Plot3_PUGR2_L15_GE","1","6/7/15",0.053894213
"KARE","Plot3","PUGR2","na","15","Top","na","KARE_Plot3_PUGR2_L15_GE","1","6/7/15",0.056581767
"KARE","Plot3","PUGR2","na","15","Top","na","KARE_Plot3_PUGR2_L15_GE","1","6/7/15",0.055948307
"KARE","PLot2","FICA","na","2","Top","na","KARE_PLot2_FICA_L2_GE","1","6/6/15",-0.176347061
