"Site","Plot","Species","Tree_Plant_Number","Leaf_Number","Canopy_Position","Leaf_Age","Sample_Name","Rep","Date","LiCor","Cond"
"CVARS","Plot1","PHDA4","none","1","Top","N","CVARS_Plot1_PHDA4_L1T_GE","4","6/5/14","PSC0179",0.0704
"CVARS","Plot1","PHDA4","none","2","Top","N","CVARS_Plot1_PHDA4_L2T_GE","3","6/5/14","PSC0179",0.0766
"CVARS","Plot1","PHDA4","none","3","Top","N","CVARS_Plot1_PHDA4_L3T_GE","3","6/7/14","PSC0179",0.0658
"CVARS","Plot1","PHDA4","none","3","Top","N","CVARS_Plot1_PHDA4_L3T_GE","3","6/7/14","PSC0179",0.0731
"CVARS","Plot1","PHDA4","none","3","Top","N","CVARS_Plot1_PHDA4_L3T_GE","3","6/7/14","PSC0179",0.0803
"CVARS","Plot1","PHDA4","none","3","Top","N","CVARS_Plot1_PHDA4_L3T_GE","3","6/7/14","PSC0179",0.0717
"CVARS","Plot1","PHDA4","none","4","Top","N","CVARS_Plot1_PHDA4_L4T_GE","3","6/7/14","PSC0179",0.0582
"CVARS","Plot1","PHDA4","none","4","Top","N","CVARS_Plot1_PHDA4_L4T_GE","3","6/7/14","PSC0179",0.0664
