"Site","Plot","USDA_Species","Tree_Plant_Number","Leaf_Number","Canopy_Position","Leaf_Age","Sample_Name","Rep","Date","Cond"
"SCRec","Plot5","PEAM3","3","1","Top","na","SCRec_Plot5_PEAM3_L1T3_GE","1","3/22/13",0.028866419
"SCRec","Plot5","PEAM3","3","1","Top","na","SCRec_Plot5_PEAM3_L1T3_GE","1","3/22/13",0.026847119
"SCRec","Plot5","PEAM3","3","1","Top","na","SCRec_Plot5_PEAM3_L1T3_GE","1","3/22/13",0.03035224
"SCRec","Plot5","PEAM3","3","1","Top","na","SCRec_Plot5_PEAM3_L1T3_GE","1","3/22/13",0.030963994
"SCRec","Plot5","PEAM3","3","1","Top","na","SCRec_Plot5_PEAM3_L1T3_GE","1","3/22/13",0.033216414
"SCRec","Plot5","PEAM3","3","1","Top","na","SCRec_Plot5_PEAM3_L1T3_GE","1","3/22/13",0.037105499
"SCRec","Plot5","PEAM3","3","1","Top","na","SCRec_Plot5_PEAM3_L1T3_GE","1","3/22/13",0.038332757
"SCRec","Plot5","PEAM3","3","1","Top","na","SCRec_Plot5_PEAM3_L1T3_GE","1","3/22/13",0.039040838
"SCRec","Plot5","PEAM3","3","1","Top","na","SCRec_Plot5_PEAM3_L1T3_GE","1","3/22/13",0.04243652
"SCRec","Plot5","PEAM3","3","1","Top","na","SCRec_Plot5_PEAM3_L1T3_GE","1","3/22/13",0.046206686
"SCRec","Plot5","PEAM3","3","1","Top","na","SCRec_Plot5_PEAM3_L1T3_GE","1","3/22/13",0.047152529
"SCRec","Plot5","PEAM3","3","1","Top","na","SCRec_Plot5_PEAM3_L1T3_GE","1","3/22/13",0.049702525
"SCRec","Plot5","PEAM3","3","1","Top","na","SCRec_Plot5_PEAM3_L1T3_GE","1","3/22/13",0.046245552
"SCRec","Plot9","PEAM3","1","ELK1N","Top","na","SCRec_Plot9_PEAM3_ELK1NT1shade_GE","2","3/23/13",0.044444657
"SCRec","Plot9","PEAM3","6","ELK6","Top","na","SCRec_Plot9_PEAM3_ELK6T6sun_GE","2","3/24/13",0.048031074
"SCRec","Plot9","PEAM3","6","ELK6","Top","na","SCRec_Plot9_PEAM3_ELK6T6sun_GE","2","3/24/13",0.049800017
"SCRec","Plot9","PEAM3","6","ELK6","Top","na","SCRec_Plot9_PEAM3_ELK6T6sun_GE","2","3/24/13",0.066396645
