Site,Plot,USDA_Species,Tree_Plant_Number,Leaf_Number,Canopy_Position,Leaf_Age,Sample_Name,Rep,Date,LiCor,Area_Corrected,Absorption_Corrected,QC,Obs,HHMMSS,Tleaf,Photo,Ci,CO2S,VpdA,RH_S,Tair,PARi,Press,Cond,BLCond,Trmmol,Ebal,FCnt,FTime,DCnt,Fo,Fm,Fo_Prime,Fm_Prime,Fs,Fv_over_Fm,Fv_Prime_over_Fm_Prime,PhiPS2,Adark,RedAbs,BlueAbs,Perc_Blue,LeafAbs,PhiCO2,qP,qN,NPQ,ParIn_at_Fs,PS2_over_1,ETR,VpdL,CTleaf,Area,BLC_1,StmRat,TBlk,CO2R,H2OR,H2OS,RH_R,Flow,PARo,CsMch,HsMch,StableF,BLCslope,BLCoffst,f_parin,f_parout,alphaK,Status,fda,Trans,Tair_K,Twall_K,R_W_m2,Tl_minus_Ta,SVTleaf,h2o_i,h20diff,CTair,SVTair,CndTotal,vp_kPa,CndCO2,Ci_Pa,Ci_over_Ca,RHsfc,C2sfc,Ahs_over_Cs,Fv,PARabs,Fv_Prime,qP_Fo,qN_Fo
Kingsburg,Peach1,Peach,1,1,Top,na,Kingsburg_Peach1_Peach_L1T_GE,1,20140613,PSC0570,Yes,Yes,,1,12:33:53,26.20161057,17.19288004,216.5563683,387.2101135,1.831388414,45.99328613,24.85634804,1998.592041,100.2981491,0.17361418,9.289719582,3.421550285,0,1,3170.000003,1,0,0,497.0161133,1000.752808,750.7832031,-9999,0.503357763,0.249781567,-1,0.945015789,0.954679382,9.815084457,0.945964279,0.009622825,0.496230684,2.013521857,-1,1998.592041,0.5,236.1181005,1.964763443,26.20161057,2,4.644859791,1,23.98869705,399.5828857,12.20341301,14.4564991,38.82509995,299.3304749,2.019935846,2.268278599,-0.027275905,0.666666687,-1.355140209,7.355140209,1,0,0.159999996,111115,1.496652374,0.00342155,299.3516106,298.006348,319.7747194,0.61300412,3.414723546,34.04572842,19.58922932,25.5289793,3.281348517,0.170429057,1.449960102,0.106799817,21.72020292,0.559273533,42.11379174,384.711611,0.018820783,0,1890.596678,503.7366943,0.249781567,-9999
Kingsburg,Peach1,Peach,1,1,Top,na,Kingsburg_Peach1_Peach_L1T_GE,1,20140613,PSC0570,Yes,Yes,,2,12:36:24,26.29932594,9.582284774,146.4843908,241.8373108,1.861930877,45.32910919,24.86214447,1997.823486,100.3024597,0.17503374,9.289719582,3.519425177,0,2,3336.000004,2,0,0,490.0620117,936.0783691,733.5974121,-9999,0.476473308,0.216307698,-1,0.945015789,0.954679382,9.815084457,0.945964279,0.005599479,0.453976527,1.910122284,-1,1997.823486,0.5,204.396677,2.004971847,26.29932594,2,4.644859791,1,23.98777771,248.8049774,11.93520069,14.25205421,37.96028137,299.480835,1.994622231,2.184294224,-0.026070461,0.666666687,-1.355140209,7.355140209,1,0,0.159999996,111115,1.497404175,0.003519425,299.4493259,298.0121445,319.6517507,0.590991259,3.434487941,34.24131323,19.98925901,25.58073521,3.291446971,0.171796803,1.429516094,0.107659203,14.69274471,0.605714604,41.27817396,240.4447947,0.016450313,0,1889.869653,446.0163574,0.216307698,-9999
Kingsburg,Peach1,Peach,1,1,Top,na,Kingsburg_Peach1_Peach_L1T_GE,1,20140613,PSC0570,Yes,Yes,,3,12:38:44,26.33252907,1.80605484,79.16995323,98.49580383,1.886167503,44.66645813,24.8690033,1998.038574,100.2986526,0.179298812,9.289719582,3.652082643,0,3,3476.000004,3,0,0,488.4172363,889.5524902,730.9992676,-9999,0.45094051,0.178239311,-1,0.945015789,0.954679382,9.815084457,0.945964279,0.001484628,0.395261252,1.821296269,-1,1998.038574,0.5,168.4426649,2.032031338,26.33252907,2,4.644859791,1,23.98664856,99.94271088,11.6443882,14.04999065,37.01878357,299.3654175,2.026291609,2.042776585,-0.028956279,1,-1.355140209,7.355140209,1,0,0.159999996,111115,1.496827087,0.003652083,299.4825291,298.0190033,319.6861647,0.566526304,3.44122647,34.30979758,20.25980693,25.60076618,3.295362635,0.175903733,1.409195132,0.110239901,7.94063964,0.803790112,40.63301018,98.23334445,0.007470523,0,1890.073119,401.1352539,0.178239311,-9999
Kingsburg,Peach1,Peach,1,1,Top,na,Kingsburg_Peach1_Peach_L1T_GE,1,20140613,PSC0570,Yes,Yes,,4,12:40:49,26.35317612,-0.798879406,54.89714166,49.62725449,1.90178049,44.25239563,24.90556717,2000.458984,100.3029175,0.185374673,9.289719582,3.799528217,0,4,3602.500004,4,0,0,491.2329102,858.2645264,734.2478027,-9999,0.427643931,0.144497087,-1,0.945015789,0.954679382,9.815084457,0.945964279,0.00010628,0.337891119,1.747164143,-1,2000.458984,0.5,136.7204514,2.046241572,26.35317612,2,4.644859791,1,23.98676491,49.21949005,11.44643784,13.94955444,36.31171799,299.348938,2.10229063,2.029722691,-0.029500827,1,-1.355140209,7.355140209,1,0,0.159999996,111115,1.49674469,0.003799528,299.5031761,298.0555672,320.0734303,0.542803627,3.44542258,34.35017312,20.40061868,25.62937164,3.300961498,0.181747926,1.399181008,0.11391282,5.50634347,1.106189376,40.33078193,49.74334919,-0.006477133,0,1892.36274,367.0316162,0.144497087,-9999
Kingsburg,Peach1,Peach,1,1,Top,na,Kingsburg_Peach1_Peach_L1T_GE,1,20140613,PSC0570,Yes,Yes,,5,12:43:44,26.20453072,18.22462114,226.0762321,388.2319946,1.892076277,44.10332489,24.91338158,2000.572754,100.2997208,0.19523366,9.289719582,3.945999653,0,5,3776.500004,5,0,0,477.8078613,910.2849731,707.4318848,-9999,0.475100792,0.222845696,-1,0.945015789,0.954679382,9.815084457,0.945964279,0.010158479,0.469049304,1.905127661,-1,2000.572754,0.5,210.8644375,2.020194821,26.20453072,2,4.644859791,1,23.98488045,401.432312,11.30965137,13.90948963,35.85992432,299.3349915,2.296463013,2.252653599,-0.02279745,0.666666687,-1.355140209,7.355140209,1,0,0.159999996,111115,1.496674957,0.003946,299.3545307,298.0633816,320.0916335,0.524333962,3.415312747,34.05106934,20.14157971,25.55895615,3.287194203,0.191215065,1.395117926,0.119864079,22.67538295,0.582322517,40.64304795,385.5835575,0.019209952,0,1892.470362,432.4771118,0.222845696,-9999
Kingsburg,Peach1,Peach,1,1,Top,na,Kingsburg_Peach1_Peach_L1T_GE,2,20140613,PSC0570,Yes,Yes,,6,12:56:48,30.22655106,17.39178707,200.9410653,387.6092834,3.021292086,31.1294136,31.27854729,2000.062622,100.2851639,0.163521458,9.289719582,4.766303141,0,6,4560.500003,6,0,0,500.3491211,970.5975342,719.0803833,-9999,0.484493723,0.2591364,-1,0.945015789,0.954679382,9.815084457,0.945964279,0.00972088,0.53486018,1.93984059,-1,2000.062622,0.5,245.1414531,2.889381219,30.22655106,2,4.644859791,1,31.97939682,400.467865,11.08743286,14.22767544,24.25872421,299.2437439,2.273250818,2.480528355,-0.049460277,0.333333343,-1.355140209,7.355140209,1,0,0.159999996,111115,1.496218719,0.004766303,303.3765511,304.4285473,320.0100124,0.488638677,4.316205982,43.0393272,28.81165176,30.75254917,4.448116849,0.160692876,1.426824763,0.100683405,20.15140767,0.518411385,32.27618182,385.0818753,0.014577172,0,1891.987796,470.2484131,0.2591364,-9999
Kingsburg,Peach1,Peach,1,1,Top,na,Kingsburg_Peach1_Peach_L1T_GE,2,20140613,PSC0570,Yes,Yes,,7,12:58:56,30.45765114,9.061187844,136.6738884,242.3591003,3.068919888,30.78613472,31.33016396,1999.303589,100.2872467,0.15235419,9.289719582,4.553379692,0,7,4688.000004,7,0,0,492.8569336,912.5192261,703.6151123,-9999,0.459894192,0.228931192,-1,0.945015789,0.954679382,9.974137306,0.945979649,0.005319719,0.497791004,1.851489071,-1,1999.303589,0.5,216.4888394,2.958495522,30.45765114,2,4.644859791,1,31.97811699,249.1465912,11.11426163,14.11186695,24.2466259,299.5139465,2.431525946,2.575315952,-0.045025691,0.666666687,-1.355140209,7.355140209,1,0,0.159999996,111115,1.497569733,0.00455338,303.6076511,304.480164,319.8885671,0.516943198,4.373735804,43.61208377,29.50021682,30.89390755,4.48416017,0.149895853,1.415240282,0.093902716,13.70664797,0.563931324,31.47127897,241.042311,0.011830586,0,1891.300507,419.6622925,0.228931192,-9999
Kingsburg,Peach1,Peach,1,1,Top,na,Kingsburg_Peach1_Peach_L1T_GE,2,20140613,PSC0570,Yes,Yes,,8,13:00:59,30.30996323,1.026165718,83.33941665,99.06790924,2.975005805,31.78909874,30.68181419,2001.00769,100.2874222,0.146595264,9.289719582,4.338627279,0,8,4811.000004,8,0,0,486.9645996,869.0247803,702.4917603,-9999,0.439642447,0.191632073,-1,0.945015789,0.954679382,9.951979637,0.945977508,0.001070398,0.435881645,1.784574856,-1,2001.00769,0.5,181.3709676,2.928581054,30.30996323,2,4.644859791,1,30.9975853,100.0405655,11.18509102,14.04276752,25.32007599,299.3831482,2.453674078,2.502203465,-0.046664104,1,-1.355140209,7.355140209,1,0,0.159999996,111115,1.496915741,0.004338627,303.4599632,303.8318142,320.1612233,0.531580167,4.33689401,43.2446454,29.20187787,30.49588871,4.38331876,0.144317873,1.408312955,0.090400552,8.357895261,0.841235242,31.561566,98.91878486,0.00327414,0,1892.908268,382.0601807,0.191632073,-9999
Kingsburg,Peach1,Peach,1,1,Top,na,Kingsburg_Peach1_Peach_L1T_GE,2,20140613,PSC0570,Yes,Yes,,9,13:03:29,30.15137672,-1.203310767,59.84922745,49.4533844,2.938891716,32.09817505,30.62299728,1999.390991,100.2895508,0.150442895,9.289719582,4.376690569,0,9,4961.500004,9,0,0,488.293457,824.0101929,710.1740112,-9999,0.407418183,0.138148997,-1,0.945015789,0.954679382,9.974137306,0.945979649,-0.000107493,0.339084024,1.687530687,-1,1999.390991,0.5,130.6463451,2.880402407,30.15137672,2,4.644859791,1,31.00089645,48.79401016,11.24845409,14.13140678,25.54981422,299.3348999,2.705894709,2.338755131,-0.045686588,1,-1.355140209,7.355140209,1,0,0.159999996,111115,1.4966745,0.004376691,303.3013767,303.7729973,319.9025514,0.528670327,4.297634845,42.85226937,28.72086259,30.387187,4.356124154,0.148045366,1.417232438,0.092740811,6.002252136,1.210214997,32.11085568,49.62825185,-0.007785754,0,1891.383188,335.7167358,0.138148997,-9999
Kingsburg,Peach1,Peach,1,1,Top,na,Kingsburg_Peach1_Peach_L1T_GE,2,20140613,PSC0570,Yes,Yes,,10,13:07:07,30.24673653,16.4260466,201.8822195,388.1821289,2.992013614,31.6187439,31.06810379,2000.467773,100.2880936,0.154680479,9.289719582,4.512667699,0,10,5179.000004,10,0,0,479.1079102,889.5125732,677.84375,-9999,0.46138152,0.237960462,-1,0.945015789,0.954679382,9.951979637,0.945977508,0.009208449,0.51575638,1.856601727,-1,2000.467773,0.5,225.1578943,2.889214803,30.24673653,2,4.644859791,1,31.58371162,400.3309021,11.30587006,14.27876091,25.03560638,299.2529907,2.247932434,2.665995121,-0.044424877,0.666666687,-1.355140209,7.355140209,1,0,0.159999996,111115,1.496264954,0.004512668,303.3967365,304.2181038,320.0748366,0.522334342,4.321204513,43.08791163,28.80915072,30.65742016,4.424003324,0.152147121,1.43198971,0.095316357,20.24638292,0.520070875,32.29162356,385.7950641,0.013748847,0,1892.397519,410.4046631,0.237960462,-9999
Kingsburg,Peach1,Peach,1,1,Top,na,Kingsburg_Peach1_Peach_L1T_GE,3,20140613,PSC0570,Yes,Yes,,11,13:44:07,32.20579147,15.59202344,204.2713916,389.3253479,3.427473241,30.60591125,33.6387825,2000.902954,100.2808685,0.149388287,9.289719582,4.890047503,0,11,7399.000004,11,0,0,466.3911133,830.866272,649.8760986,-9999,0.438668858,0.217833097,-1,0.945015789,0.954679382,9.974137306,0.945979649,0.0087658,0.496577528,1.781479639,-1,2000.902954,0.5,206.1587107,3.228370457,32.20579147,2,4.644859791,1,34.50457382,401.0208435,12.76464367,15.98126698,24.44571877,299.1894226,3.020431995,3.078707218,-0.073009357,0.666666687,-1.355140209,7.355140209,1,0,0.159999996,111115,1.495947113,0.004890048,305.3557915,306.7887825,320.1444655,0.4868201,4.830985789,48.17455074,32.19328377,32.92228699,5.030088573,0.147023989,1.602615333,0.092099525,20.48451256,0.524680432,32.05165896,387.0594849,0.012911458,0,1892.813474,364.4751587,0.217833097,-9999
Kingsburg,Peach1,Peach,1,1,Top,na,Kingsburg_Peach1_Peach_L1T_GE,3,20140613,PSC0570,Yes,Yes,,12,13:47:12,32.42006683,8.705925442,138.9440812,243.2924194,3.466865263,30.50943184,33.71389771,1998.774536,100.2787704,0.150208922,9.289719582,5.005168685,0,12,7583.500003,12,0,0,471.4343262,828.0132446,656.2142944,-9999,0.430643979,0.207483336,-1,0.945015789,0.954679382,9.929920197,0.945975376,0.005133261,0.481797833,1.756370291,-1,1998.774536,0.5,196.1538633,3.285510475,32.42006683,2,4.644859791,1,34.50646591,249.9208984,12.70856476,15.99827194,24.23581123,299.4244995,3.150116444,2.954515934,-0.076129779,0.666666687,-1.355140209,7.355140209,1,0,0.159999996,111115,1.497122498,0.005005169,305.5700668,306.8638977,319.8039186,0.458431319,4.889797514,48.76204098,32.76376904,33.06698227,5.071152303,0.147818785,1.60428704,0.092598547,13.93314162,0.571099097,31.665328,242.0272575,0.011390287,0,1890.791493,356.5789185,0.207483336,-9999
Kingsburg,Peach1,Peach,1,1,Top,na,Kingsburg_Peach1_Peach_L1T_GE,3,20140613,PSC0570,Yes,Yes,,13,13:49:19,32.55677032,0.858683666,84.59308187,99.10266113,3.493218745,30.39469719,33.7292366,2000.543213,100.2778091,0.146894019,9.289719582,4.960678317,0,13,7711.000004,13,0,0,470.4414063,799.3944092,663.8607178,-9999,0.411502757,0.169545458,-1,0.945015789,0.954679382,9.951979637,0.945977508,0.000982148,0.412015365,1.699243303,-1,2000.543213,0.5,160.4297519,3.328018381,32.55677032,2,4.644859791,1,34.50629807,100.0047302,12.69080925,15.95193005,24.18098068,299.378418,3.140806437,2.782091618,-0.077498302,1,-1.355140209,7.355140209,1,0,0.159999996,111115,1.49689209,0.004960678,305.7067703,306.8792366,320.0869069,0.461404973,4.927642978,49.1399146,33.18798455,33.14300346,5.092843341,0.144607409,1.599624597,0.090582324,8.482808919,0.853590417,31.27692959,98.97787556,0.002713434,0,1892.468883,328.9530029,0.169545458,-9999
Kingsburg,Peach1,Peach,1,1,Top,na,Kingsburg_Peach1_Peach_L1T_GE,3,20140613,PSC0570,Yes,Yes,,14,13:51:20,32.69034195,-1.603765718,64.25500945,49.87281418,3.516817378,30.35955048,33.77780914,1998.013184,100.2782135,0.148291499,9.289719582,5.060399689,0,14,7831.500004,14,0,0,468.7446289,782.4215088,669.1089478,-9999,0.400905236,0.144822912,-1,0.945015789,0.954679382,9.929920197,0.945975376,-0.000319441,0.361239761,1.669185011,-1,1998.013184,0.5,136.8628124,3.362749681,32.69034195,2,4.644859791,1,34.50451279,48.97014236,12.65059471,15.97672749,24.039114,299.4198608,3.414977312,2.703299046,-0.080493793,0.666666687,-1.355140209,7.355140209,1,0,0.159999996,111115,1.497099304,0.0050604,305.8403419,306.9278091,319.6821022,0.438103178,4.964867371,49.51092763,33.53420014,33.23407555,5.118935068,0.14596152,1.60211769,0.091432462,6.443377556,1.288377456,31.07647184,50.10587651,-0.009946813,0,1890.071272,313.6768799,0.144822912,-9999
Kingsburg,Peach1,Peach,1,1,Top,na,Kingsburg_Peach1_Peach_L1T_GE,3,20140613,PSC0570,Yes,Yes,,15,13:54:29,32.51344681,16.00870672,198.5024264,388.0925903,3.454723459,30.82914162,33.54828262,2000.553223,100.2787323,0.149563575,9.289719582,5.021069671,0,15,8017.500004,15,0,0,469.2380371,833.3045654,644.3556519,-9999,0.436894916,0.226746524,-1,0.945015789,0.954679382,9.929920197,0.945975376,0.008987551,0.518995565,1.775867469,-1,2000.553223,0.5,214.5559604,3.30946999,32.51344681,2,4.644859791,1,34.11459351,400.0886536,12.71636677,16.01687241,24.47635651,299.3873291,3.27586937,3.231161594,-0.075506076,0.666666687,-1.355140209,7.355140209,1,0,0.159999996,111115,1.496936646,0.00502107,305.6634468,306.6982826,320.0885085,0.443968211,4.91562165,49.01958309,33.00271068,33.03086472,5.06087512,0.147193769,1.60615166,0.092206123,19.90557168,0.511482134,31.51415825,385.7661741,0.013077894,0,1892.474087,364.0665283,0.226746524,-9999
Kingsburg,Peach1,Peach,1,1,Top,na,Kingsburg_Peach1_Peach_L1T_GE,3,20140613,PSC0570,Yes,Yes,,16,13:56:56,32.5609436,34.09697182,438.6187248,874.8770752,3.474544014,30.55043221,33.52095413,2000.733643,100.2766113,0.138067184,9.289719582,4.683037836,0,16,8168.500004,16,0,0,498.9594727,1002.128418,702.0037842,-9999,0.502100266,0.2994872,-1,0.945015789,0.954679382,9.929920197,0.945975376,0.018543877,0.596468913,2.008436502,-1,2000.733643,0.5,283.4114397,3.339603613,32.5609436,2,4.644859791,1,34.11656189,900.3964844,12.76875973,15.8481493,24.61429977,299.333374,3.16858077,3.66493845,-0.064975604,0.666666687,-1.355140209,7.355140209,1,0,0.159999996,111115,1.49666687,0.004683038,305.7109436,306.6709541,320.1173757,0.499768838,4.928802321,49.15206303,33.30391374,33.04094887,5.063742721,0.13604523,1.589198708,0.085207646,43.98319939,0.501348975,30.99263423,869.9220374,0.012147697,0,1892.64476,503.1689453,0.2994872,-9999
Kingsburg,Peach1,Peach,1,1,Top,na,Kingsburg_Peach1_Peach_L1T_GE,3,20140613,PSC0570,Yes,Yes,,17,13:59:15,32.82453918,38.42982915,593.2572323,1170.692627,3.547724418,29.87306404,33.52692413,2000.632446,100.280983,0.11786088,9.289719582,4.136971674,0,17,8308.000004,17,0,0,497.1289063,998.1865234,696.4143677,-9999,0.501967924,0.302320407,-1,0.945015789,0.954679382,9.929920197,0.945975376,0.020834244,0.602270369,2.007902801,-1,2000.632446,0.5,286.0780963,3.448030255,32.82453918,2,4.644859791,1,34.11536026,1199.614136,12.77917671,15.50126457,24.62722588,299.2440796,3.451000214,4.045797825,-0.055024013,0.666666687,-1.355140209,7.355140209,1,0,0.159999996,111115,1.496220398,0.004136972,305.9745392,306.6769241,320.1011843,0.582902475,5.002512303,49.8849548,34.38369023,33.17573166,5.102206466,0.116384285,1.554482049,0.072871415,59.49241841,0.506757469,29.63717231,1165.10793,0.009775502,0,1892.549031,501.0576172,0.302320407,-9999
Kingsburg,Peach1,Peach,1,1,Top,na,Kingsburg_Peach1_Peach_L1T_GE,3,20140613,PSC0570,Yes,Yes,,18,14:01:16,33.03495026,40.71412954,733.7845003,1468.790527,3.614302789,29.14518738,33.5015564,1999.791138,100.2812347,0.098010403,9.289719582,3.547369068,0,18,8429.000004,18,0,0,493.2072754,978.1065674,687.7590332,-9999,0.495753027,0.296846524,-1,0.945015789,0.954679382,10.00892353,0.945983011,0.022050336,0.598779043,1.983155189,-1,1999.791138,0.5,280.7824425,3.547582722,33.03495026,2,4.644859791,1,34.11516953,1499.474487,12.76772404,15.10206795,24.6401825,299.338623,3.590364456,4.356955051,-0.039039478,0.666666687,-1.355140209,7.355140209,1,0,0.159999996,111115,1.496693115,0.003547369,306.1849503,306.6515564,319.9665749,0.674242145,5.062036743,50.47840462,35.37633667,33.26825333,5.128756809,0.096987148,1.514454021,0.060708077,73.58481572,0.499584173,28.29844392,1462.873871,0.007875911,0,1891.768441,484.899292,0.296846524,-9999
Kingsburg,Peach1,Peach,2,2,Top,na,Kingsburg_Peach1_Peach_L2T_GE,1,20140613,PSC0570,Yes,Yes,,19,14:38:06,29.85417175,17.74146309,202.5260291,388.0795898,2.184424426,47.78845978,27.36983681,2000.033447,100.2597046,0.166063952,9.289719582,4.154377758,0,19,10638.5,19,0,0,471.8552246,902.6812134,658.1222534,-9999,0.477273685,0.270925058,-1,0.939974892,0.955704857,10.00892353,0.941549292,0.009952293,0.567651364,1.913046982,-1,2000.033447,0.5,255.0935624,2.476960866,29.85417175,2,4.644859791,1,26.11449242,401.0083313,14.70720291,17.43404579,40.31391144,299.3901978,3.744924307,3.206198215,-0.062445506,0.666666687,-1.355140209,7.355140209,1,0,0.159999996,111115,1.496950989,0.004154378,303.0041718,300.5198368,320.0053444,0.428261761,4.224893147,42.13949327,24.70544748,28.61200428,3.932356706,0.163147511,1.747932281,0.102225268,20.30519985,0.521867252,40.63351907,385.5013661,0.018700273,0,1883.130076,430.8259888,0.270925058,-9999
Kingsburg,Peach1,Peach,2,2,Top,na,Kingsburg_Peach1_Peach_L2T_GE,1,20140613,PSC0570,Yes,Yes,,20,14:40:41,29.83793449,10.35841544,139.9189622,242.2254181,2.175308996,47.9936409,27.39138603,1999.171997,100.2593994,0.178098692,9.289719582,4.425381552,0,20,10793,20,0,0,470.956543,881.1361694,662.0177002,-9999,0.465512188,0.248677193,-1,0.939974892,0.955704857,10.00892353,0.941549292,0.006034267,0.53420125,1.870950054,-1,1999.171997,0.5,234.0448999,2.463296284,29.83793449,2,4.644859791,1,26.1157856,249.859436,14.62728786,17.53106308,40.04416656,299.4584351,4.093641281,3.039419651,-0.072224483,0.666666687,-1.355140209,7.355140209,1,0,0.159999996,111115,1.497292175,0.004425382,302.9879345,300.541386,319.8675124,0.381831324,4.22095014,42.10029348,24.5692304,28.61466026,3.932962851,0.174748485,1.757653855,0.109513937,14.02819112,0.57763947,40.97923031,240.7201131,0.017633753,0,1882.318978,410.1796265,0.248677193,-9999
Kingsburg,Peach1,Peach,2,2,Top,na,Kingsburg_Peach1_Peach_L2T_GE,1,20140613,PSC0570,Yes,Yes,,21,14:43:14,29.78894234,1.884263808,78.72331277,98.34159088,2.174836235,47.85565186,27.39677238,1998.964478,100.2598877,0.191118924,9.289719582,4.727761302,0,21,10945,21,0,0,474.3012695,832.5585938,652.1716919,-9999,0.430308842,0.216665714,-1,0.939974892,0.955704857,10.00892353,0.941549292,0.001532452,0.503512112,1.755337055,-1,1998.964478,0.5,203.8958252,2.455919265,29.78894234,2,4.644859791,1,26.11773109,99.91194153,14.38102055,17.4860878,39.35774994,299.1942444,4.052438259,2.669256687,-0.064747676,1,-1.355140209,7.355140209,1,0,0.159999996,111115,1.495971222,0.004727761,302.9389423,300.5467724,319.8343093,0.331115214,4.209072464,41.98161957,24.49553177,28.59285736,3.927989434,0.187266265,1.753153199,0.117381561,7.892790497,0.800508839,41.07594039,98.06776602,0.007892288,0,1882.123589,358.2573242,0.216665714,-9999
Kingsburg,Peach1,Peach,2,2,Top,na,Kingsburg_Peach1_Peach_L2T_GE,1,20140613,PSC0570,Yes,Yes,,22,14:45:40,29.79675102,-1.145548986,56.54707094,49.51243591,2.185541469,47.60388565,27.44679451,1998.129761,100.2593613,0.203508942,9.289719582,5.03993778,0,22,11091,22,0,0,471.7260742,800.0582275,648.1431274,-9999,0.410385322,0.189880055,-1,0.939974892,0.955704857,10.00892353,0.941549292,-7.74E-05,0.462687247,1.696022907,-1,1998.129761,0.5,178.6142491,2.461918662,29.79675102,2,4.644859791,1,26.11686707,48.91379929,14.13669205,17.44520378,38.57573318,299.3500061,3.973412991,2.515032291,-0.068201885,1,-1.355140209,7.355140209,1,0,0.159999996,111115,1.496750031,0.005039938,302.946751,300.5967945,319.7007546,0.277634453,4.21096365,42.00070295,24.55549917,28.62177277,3.934586458,0.199146265,1.749044988,0.124851158,5.669373214,1.142078144,41.03624684,49.67890931,-0.009462573,0,1881.337662,328.3321533,0.189880055,-9999
Kingsburg,Peach1,Peach,2,2,Top,na,Kingsburg_Peach1_Peach_L2T_GE,1,20140613,PSC0570,Yes,Yes,,23,14:48:06,29.67934418,19.87312424,221.1475018,385.6164856,2.193537877,47.02599335,27.45837975,1998.106689,100.2588577,0.212920601,9.289719582,5.248766396,0,23,11239,23,0,0,476.9572754,944.7490845,668.2069702,-9999,0.495149259,0.292714879,-1,0.939974892,0.955704857,10.00892353,0.941549292,0.01109496,0.591164935,1.980783465,-1,1998.106689,0.5,275.344584,2.453622518,29.67934418,2,4.644859791,1,26.11553192,400.2487793,13.79831219,17.24520302,37.62665939,299.2987366,3.991281509,3.367693424,-0.063166484,0.666666687,-1.355140209,7.355140209,1,0,0.159999996,111115,1.496493683,0.005248766,302.8293442,300.6083797,319.6970632,0.247050792,4.182606874,41.71807827,24.47287525,28.56886196,3.922522233,0.208149803,1.728984356,0.130514003,22.17199592,0.573490787,40.90982637,382.7284848,0.021242371,0,1881.315939,467.7918091,0.292714879,-9999
Kingsburg,Peach1,Peach,2,2,Top,na,Kingsburg_Peach1_Peach_L2T_GE,2,20140613,PSC0570,Yes,Yes,,24,14:59:34,32.61416626,20.16384555,215.2524246,385.7398682,3.304670632,34.16636658,33.77006912,2000.80542,100.2560806,0.212286767,9.289719582,6.729491852,0,24,11925.5,24,0,0,487.5380859,1062.598022,715.633606,-9999,0.541182954,0.326524621,-1,0.939974892,0.955704857,10.00892353,0.941549292,0.011234317,0.603353485,2.179517976,-1,2000.80542,0.5,307.5628344,3.141379194,32.61416626,2,4.644859791,1,34.11256027,400.9490051,13.56012058,17.97625923,25.77288437,299.2895508,4.403909683,3.618212223,-0.115780696,0.666666687,-1.355140209,7.355140209,1,0,0.159999996,111115,1.496447754,0.006729492,305.7641663,306.9200691,320.12886,0.15007377,4.943608489,49.30981201,31.33355278,33.19211769,5.106899927,0.207544014,1.802229295,0.130132938,21.58036443,0.558024831,35.71257937,382.8096192,0.018810994,0,1883.856927,575.0599365,0.326524621,-9999
Kingsburg,Peach1,Peach,2,2,Top,na,Kingsburg_Peach1_Peach_L2T_GE,2,20140613,PSC0570,Yes,Yes,,25,15:01:32,32.61056137,10.80677606,147.2983151,241.5265808,3.267172083,34.60037994,33.43082428,1998.671631,100.2528687,0.209465208,9.289719582,6.663831968,0,25,12045,25,0,0,492.1833496,965.7531128,677.8204346,-9999,0.490363176,0.298143153,-1,0.939974892,0.955704857,9.98680687,0.941545813,0.006274056,0.608004777,1.962181601,-1,1998.671631,0.5,280.5289907,3.151792497,32.61056137,2,4.644859791,1,33.52197647,249.8217926,13.49042225,17.86294937,26.13083076,299.3598938,3.913188934,3.465624332,-0.107930049,0.666666687,-1.355140209,7.355140209,1,0,0.159999996,111115,1.496799469,0.006663832,305.7605614,306.5808243,319.7874538,0.143617724,4.942604414,49.30137641,31.43842704,33.02069283,5.057984,0.20484632,1.790811917,0.128436068,14.76707863,0.609863786,35.47127324,239.9561192,0.015975009,0,1881.840906,473.5697632,0.298143153,-9999
Kingsburg,Peach1,Peach,2,2,Top,na,Kingsburg_Peach1_Peach_L2T_GE,2,20140613,PSC0570,Yes,Yes,,26,15:03:34,32.63106918,1.274653963,83.46188199,98.13938141,3.273225487,34.54089737,33.43226242,1998.459595,100.2468796,0.208851597,9.289719582,6.663481691,0,26,12166,26,0,0,478.550293,857.6083374,647.1511841,-9999,0.441994356,0.245400078,-1,0.939974892,0.955704857,9.98680687,0.941545813,0.001208867,0.555210888,1.792096567,-1,1998.459595,0.5,230.8774569,3.160441471,32.63106918,2,4.644859791,1,33.52248764,99.42808533,13.46157837,17.8347435,26.07130432,299.309082,3.900447607,3.099253178,-0.108733043,1,-1.355140209,7.355140209,1,0,0.159999996,111115,1.49654541,0.006663482,305.7810692,306.5822624,319.753528,0.142607563,4.948318855,49.36132552,31.52658202,33.0316658,5.061102871,0.204259434,1.787877384,0.128066931,8.366793233,0.850442308,35.36368423,97.95414623,0.004601792,0,1881.641264,379.0580444,0.245400078,-9999
Kingsburg,Peach1,Peach,2,2,Top,na,Kingsburg_Peach1_Peach_L2T_GE,2,20140613,PSC0570,Yes,Yes,,27,15:06:04,32.71082306,-1.813845581,61.13131974,50.0269928,3.276243906,34.71831131,33.45269012,1997.779785,100.2433548,0.211230231,9.289719582,6.762632373,0,27,12316,27,0,0,471.7124023,798.9457397,637.1412354,-9999,0.409581429,0.20252252,-1,0.939974892,0.955704857,9.98680687,0.941545813,-0.000432666,0.494462165,1.693713661,-1,1997.779785,0.5,190.4725506,3.171479097,32.71082306,2,4.644859791,1,33.52713013,49.04098892,13.50956821,17.94750023,26.13341141,299.2952576,3.792985916,3.00856638,-0.114283428,0.666666687,-1.355140209,7.355140209,1,0,0.159999996,111115,1.496476288,0.006762632,305.8608231,306.6026901,319.6447585,0.121848928,4.97059673,49.58529909,31.63779887,33.08175659,5.075361539,0.206534047,1.799117633,0.129497644,6.128008574,1.221966709,35.43357085,50.29058434,-0.012779932,0,1881.001192,327.2333374,0.20252252,-9999
Kingsburg,Peach1,Peach,2,2,Top,na,Kingsburg_Peach1_Peach_L2T_GE,2,20140613,PSC0570,Yes,Yes,,28,15:09:19,32.53405762,19.81621289,222.5830336,384.8530579,3.249040706,34.76249695,33.45809555,2000.945068,100.2383728,0.220559272,9.289719582,6.937199306,0,28,12511.5,28,0,0,483.9902344,951.199707,663.1708984,-9999,0.49117916,0.302805821,-1,0.939974892,0.955704857,9.98680687,0.941545813,0.011049054,0.616487519,1.965328305,-1,2000.945068,0.5,285.2402754,3.119384858,32.53405762,2,4.644859791,1,33.52692413,399.8737183,13.42593002,17.97667503,25.96246719,299.4011536,3.705514908,3.829214573,-0.105276927,0.666666687,-1.355140209,7.355140209,1,0,0.159999996,111115,1.497005768,0.006937199,305.6840576,306.6080956,320.1512038,0.102153766,4.921337512,49.09634279,31.11966776,32.99607658,5.050993359,0.215444134,1.801952654,0.13510299,22.31136111,0.578358491,35.93664046,381.9733275,0.018643399,0,1883.981451,467.2094727,0.302805821,-9999
Kingsburg,Peach1,Peach,2,2,Top,na,Kingsburg_Peach1_Peach_L2T_GE,3,20140613,PSC0570,Yes,Yes,,29,15:32:48,34.97854233,16.5704165,188.8268054,387.7136841,4.221723542,26.88556671,36.32359695,1998.708008,100.2180481,0.149497425,9.289719582,6.105974892,0,29,13921.5,29,0,0,497.8068848,1017.491333,685.3550415,-9999,0.510750737,0.326426654,-1,0.939974892,0.955704857,9.98680687,0.941545813,0.009336654,0.63911147,2.043947893,-1,1998.708008,0.5,307.1471054,4.008149721,34.97854233,2,4.644859791,1,37.03286362,400.3692627,12.28565502,16.29959297,20.26472664,299.2796631,2.938052416,4.283071995,-0.087283,0.666666687,-1.355140209,7.355140209,1,0,0.159999996,111115,1.496398315,0.006105975,308.1285423,309.473597,319.7932741,0.268895492,5.641663113,56.29388339,39.99429042,35.65106964,5.855236935,0.147129699,1.633513392,0.092165896,18.92385387,0.487026415,27.44621197,385.3056391,0.011803491,0,1881.875156,519.6844482,0.326426654,-9999
Kingsburg,Peach1,Peach,2,2,Top,na,Kingsburg_Peach1_Peach_L2T_GE,3,20140613,PSC0570,Yes,Yes,,30,15:34:55,34.78200912,8.747369092,136.3016714,243.2249908,4.114001541,27.47129822,35.73836899,2000.072266,100.2240524,0.150161274,9.289719582,6.06269475,0,30,14046.5,30,0,0,486.8803711,931.4309692,660.5678101,-9999,0.477277021,0.290803257,-1,0.939974892,0.955704857,9.964785576,0.941542349,0.005176091,0.60929658,1.913059192,-1,2000.072266,0.5,273.8134747,3.964277854,34.78200912,2,4.644859791,1,36.05090332,250.0552673,12.14078236,16.12652016,20.68164825,299.313446,2.750607491,3.931402683,-0.082562312,0.666666687,-1.355140209,7.355140209,1,0,0.159999996,111115,1.49656723,0.006062695,307.9320091,308.888369,320.0115553,0.257576143,5.580543056,55.68067665,39.55415649,35.26018906,5.730266743,0.147772642,1.616265202,0.092569575,13.66070586,0.560393366,27.48910713,241.9538063,0.009938152,0,1883.152739,444.5505981,0.290803257,-9999
Kingsburg,Peach1,Peach,2,2,Top,na,Kingsburg_Peach1_Peach_L2T_GE,3,20140613,PSC0570,Yes,Yes,,31,15:40:00,34.56786346,1.086040529,82.27816422,98.49156952,4.156172077,26.83545685,36.28587723,1999.488403,100.2192459,0.169506397,9.289719582,6.695903491,0,31,14351,31,0,0,468.4211426,818.3078613,630.6557007,-9999,0.427573454,0.229317314,-1,0.939974892,0.955704857,9.964785576,0.941542349,0.001108062,0.536322617,1.746949031,-1,1999.488403,0.5,215.8567324,3.887503002,34.56786346,2,4.644859791,1,37.03777695,99.65811157,11.83315563,16.23539162,19.55900574,299.2657776,2.397702694,3.421789646,-0.091391429,1,-1.355140209,7.355140209,1,0,0.159999996,111115,1.496328888,0.006695903,307.7178635,309.4358772,319.9181374,0.184565555,5.514601707,55.02537618,38.78998457,35.42687035,5.783270781,0.166468895,1.627098705,0.104311762,8.245855573,0.835382811,28.21064167,98.33374401,0.003115706,0,1882.603008,349.8867188,0.229317314,-9999
Kingsburg,Peach1,Peach,2,2,Top,na,Kingsburg_Peach1_Peach_L2T_GE,3,20140613,PSC0570,Yes,Yes,,32,15:41:33,34.62577057,-2.332395148,68.25158161,50.48870468,4.158292495,27.00042534,36.32689285,1999.386353,100.2185364,0.175745988,9.289719582,6.946257944,0,32,14445.5,32,0,0,466.0722656,794.9733276,626.2026978,-9999,0.413725908,0.212297223,-1,0.939974892,0.955704857,9.964785576,0.941542349,-0.000707777,0.51313495,1.705686835,-1,1999.386353,0.5,199.8254961,3.891577176,34.62577057,2,4.644859791,1,37.0310936,49.16462326,11.80689144,16.37210655,19.47159767,299.3301697,2.520165205,3.379442692,-0.103144512,0.666666687,-1.355140209,7.355140209,1,0,0.159999996,111115,1.496650848,0.006946258,307.7757706,309.4768929,319.9018093,0.139753046,5.532365732,55.20301864,38.83091209,35.47633171,5.799081051,0.172482899,1.640788556,0.108090307,6.840073614,1.351818828,28.4017083,50.82765285,-0.013033064,0,1882.506923,328.901062,0.212297223,-9999
Kingsburg,Peach1,Peach,2,2,Top,na,Kingsburg_Peach1_Peach_L2T_GE,3,20140613,PSC0570,Yes,Yes,,33,15:44:07,34.37868881,18.47121033,208.2318454,386.0410461,4.104195902,27.25172043,36.33559799,1999.975464,100.2153625,0.188905868,9.289719582,7.27869661,0,33,14600,33,0,0,472.0576172,905.0301514,634.3143311,-9999,0.478406751,0.299123537,-1,0.939974892,0.955704857,9.964785576,0.941542349,0.010340188,0.625249407,1.917202728,-1,1999.975464,0.5,281.6340229,3.800063816,34.37868881,2,4.644859791,1,37.02849197,400.2604675,11.74988461,16.53289795,19.36772156,299.3242188,2.425120592,4.281084538,-0.097910747,0.666666687,-1.355140209,7.355140209,1,0,0.159999996,111115,1.496621094,0.007278697,307.5286888,309.485598,319.9960671,0.094582212,5.456914177,54.45187283,37.91897488,35.3571434,5.761046264,0.185141036,1.656850362,0.116045606,20.86802988,0.539403381,29.23877414,383.3567742,0.014088066,0,1883.061596,432.9725342,0.299123537,-9999
Kingsburg,Almond1,Almond,2,4,Top,na,Kingsburg_Almond1_Almond_L4T_GE,1,20140613,PSC0570,Yes,Yes,,34,16:22:27,32.11574936,14.94947419,188.8586966,388.8210144,3.11972769,32.59934998,29.64172554,2000.297485,100.180748,0.13186626,9.289719582,4.614329205,0,34,16894.5,34,0,0,494.1599121,946.8824463,695.4124756,-9999,0.478119048,0.265576758,-1,0.901468765,0.94185718,9.964785576,0.905493384,0.008805753,0.555461572,1.916145812,-1,2000.297485,0.5,240.5137671,3.445904157,32.11574936,2,4.644859791,1,28.05671692,400.0095215,10.53944111,13.58097553,25.29854584,299.3003845,7.891080379,4.358568668,-0.011031017,0.666666687,-1.355140209,7.355140209,1,0,0.159999996,111115,1.496501923,0.004614329,305.2657494,302.7917255,320.0475905,0.344994331,4.806456445,47.97784546,34.39686993,30.87873745,4.480279978,0.130020635,1.360552287,0.081426724,18.92000549,0.485721423,27.06530911,386.6485279,0.010464598,0,1811.25614,452.7225342,0.265576758,-9999
Kingsburg,Almond1,Almond,2,4,Top,na,Kingsburg_Almond1_Almond_L4T_GE,1,20140613,PSC0570,Yes,Yes,,35,16:24:18,32.12763214,7.868788419,130.3834165,244.5542603,3.144073969,32.0108223,29.60766029,2001.038208,100.1854019,0.123077855,9.289719582,4.348123124,0,35,17010.5,35,0,0,510.9516602,936.9108887,696.6337891,-9999,0.454642201,0.256456727,-1,0.901468765,0.94185718,9.964785576,0.905493384,0.004894672,0.564084738,1.833658566,-1,2001.038208,0.5,232.3404156,3.476316384,32.12763214,2,4.644859791,1,28.04877472,250.5232849,10.44201374,13.30903435,25.11507988,299.2830811,7.547455311,3.805925846,0.00313963,0.666666687,-1.355140209,7.355140209,1,0,0.159999996,111115,1.496415405,0.004348123,305.2776321,302.7576603,320.1661061,0.390031565,4.809687339,48.00786589,34.69883154,30.86764622,4.477444924,0.12146854,1.333370955,0.076060803,13.06251498,0.533147189,26.41157413,243.4107527,0.008538123,0,1811.926859,425.9592285,0.256456727,-9999
Kingsburg,Almond1,Almond,2,4,Top,na,Kingsburg_Almond1_Almond_L4T_GE,1,20140613,PSC0570,Yes,Yes,,36,16:26:31,32.18511581,0.874603621,81.92873228,98.80754852,3.164698696,31.68999481,29.60594559,1999.301514,100.183136,0.121260415,9.289719582,4.32082191,0,36,17142.5,36,0,0,514.3459473,900.0482788,693.2146606,-9999,0.428535158,0.229802804,-1,0.901468765,0.94185718,9.98680687,0.905502278,0.00103548,0.536251926,1.749888929,-1,1999.301514,0.5,208.0142896,3.505466877,32.18511581,2,4.644859791,1,28.05582047,99.67729187,10.32531261,13.17464066,24.83628273,299.2913818,7.449790001,3.279596806,-0.004386768,1,-1.355140209,7.355140209,1,0,0.159999996,111115,1.496456909,0.004320822,305.3351158,302.7559456,319.888235,0.390820254,4.825343693,48.16522906,34.99058841,30.8955307,4.484575512,0.119697975,1.319876816,0.074950058,8.207877328,0.82917483,26.02010905,98.68044943,0.002306159,0,1810.372076,385.7023315,0.229802804,-9999
Kingsburg,Almond1,Almond,2,4,Top,na,Kingsburg_Almond1_Almond_L4T_GE,1,20140613,PSC0570,Yes,Yes,,37,16:28:52,32.18530655,-1.316708592,63.32165109,50.04069519,3.159485817,31.86857605,29.64869881,1999.62915,100.1776581,0.128895886,9.289719582,4.575728405,0,37,17284,37,0,0,515.4453125,872.8414307,695.670105,-9999,0.409462825,0.202982259,-1,0.901468765,0.94185718,9.964785576,0.905493384,-0.000174914,0.495728176,1.693373496,-1,1999.62915,0.5,183.7650121,3.494808492,32.18530655,2,4.644859791,1,28.05792427,49.31388855,10.26546097,13.2822752,24.63024139,299.3192139,7.319617271,3.126829624,-0.013248309,1,-1.355140209,7.355140209,1,0,0.159999996,111115,1.496596069,0.004575728,305.3353065,302.7986988,319.9406569,0.348272838,4.825395716,48.16838213,34.88610693,30.91700268,4.490073041,0.127131917,1.330587224,0.079614069,6.343414712,1.265403105,26.30141964,50.23204183,-0.006894266,0,1810.650967,357.3961182,0.202982259,-9999
Kingsburg,Almond1,Almond,2,4,Top,na,Kingsburg_Almond1_Almond_L4T_GE,1,20140613,PSC0570,Yes,Yes,,38,16:31:49,32.10297012,16.60572687,180.3134349,387.918457,3.127892477,32.42765427,29.69454384,1998.608032,100.1779785,0.140533072,9.289719582,4.912446795,0,38,17463,38,0,0,490.670166,968.0338745,685.2706909,-9999,0.49312707,0.292100505,-1,0.901468765,0.94185718,9.964785576,0.905493384,0.009728392,0.592343277,1.972881054,-1,1998.608032,0.5,264.3109905,3.445475222,32.10297012,2,4.644859791,1,28.05513,400.2894287,10.3125124,13.55096912,24.67798233,299.2708435,7.325863361,4.295500278,-0.010519847,0.666666687,-1.355140209,7.355140209,1,0,0.159999996,111115,1.496354218,0.004912447,305.2529701,302.8445438,319.777278,0.294683647,4.802983916,47.94450823,34.39353911,30.89875698,4.485401171,0.138438797,1.357508694,0.086709999,18.0634354,0.464823036,27.09111576,385.5052807,0.011669559,0,1809.726351,477.3637085,0.292100505,-9999
Kingsburg,Almond1,Almond,2,4,Top,na,Kingsburg_Almond1_Almond_L4T_GE,2,20140613,PSC0570,Yes,Yes,,39,16:41:33,33.99101639,13.91600899,169.6127104,389.8625793,3.754808961,27.38599777,32.1721077,2000.90979,100.1688843,0.11152329,9.289719582,4.57449689,0,39,18043.5,39,0,0,504.7116699,1028.90332,699.7623291,-9999,0.50946638,0.319894965,-1,0.901468765,0.94185718,9.964785576,0.905493384,0.008232654,0.627902011,2.038596255,-1,2000.90979,0.5,289.7945403,4.019836092,33.99101639,2,4.644859791,1,30.98188019,400.3499451,10.16718578,13.18270779,21.12149429,299.3970947,7.400542736,4.576109409,-0.004563197,0.666666687,-1.355140209,7.355140209,1,0,0.159999996,111115,1.496985474,0.004574497,307.1410164,305.3221077,320.1455593,0.381723705,5.340333222,53.31329445,40.13058666,33.08156204,5.075306091,0.110200333,1.320497131,0.068992858,16.98991596,0.435057683,23.06176096,387.840278,0.008274738,0,1811.810578,524.1916504,0.319894965,-9999
Kingsburg,Almond1,Almond,2,4,Top,na,Kingsburg_Almond1_Almond_L4T_GE,2,20140613,PSC0570,Yes,Yes,,40,16:43:42,34.00497437,7.157913512,126.8778153,244.5632629,3.842125615,26.38358879,32.69596481,2001.353149,100.1672974,0.109834699,9.289719582,4.522041867,0,40,18174.5,40,0,0,510.5131836,972.9591675,688.3209229,-9999,0.47529845,0.292549014,-1,0.901468765,0.94185718,9.964785576,0.905493384,0.004501633,0.615505928,1.905845331,-1,2001.353149,0.5,265.0804218,4.034167735,34.00497437,2,4.644859791,1,31.96232414,250.0850525,10.09932232,13.08136559,20.36915588,299.3174133,7.340597153,3.988569736,-0.013003215,0.666666687,-1.355140209,7.355140209,1,0,0.159999996,111115,1.496587067,0.004522042,307.1549744,305.8459648,320.2164967,0.416157811,5.344492772,53.3556651,40.27429951,33.35046959,5.152450652,0.10855127,1.310325037,0.067958696,12.70900785,0.518793435,22.83604526,243.5230611,0.006712236,0,1812.212037,462.4459839,0.292549014,-9999
Kingsburg,Almond1,Almond,2,4,Top,na,Kingsburg_Almond1_Almond_L4T_GE,2,20140613,PSC0570,Yes,Yes,,41,16:45:52,34.07580566,0.587131947,84.522507,99.17205048,3.860123157,26.29551506,32.74361801,2000.997803,100.1608658,0.111607438,9.289719582,4.620025616,0,41,18304,41,0,0,510.5556641,899.2275391,680.9777222,-9999,0.432228616,0.24270811,-1,0.901468765,0.94185718,9.964785576,0.905493384,0.000875954,0.561527167,1.761272281,-1,2000.997803,0.5,219.8802322,4.056184872,34.07580566,2,4.644859791,1,31.96108437,99.87030029,10.02780724,13.07356358,20.16943169,299.4084167,7.37321806,3.493544102,-0.011522159,1,-1.355140209,7.355140209,1,0,0.159999996,111115,1.497042084,0.004620026,307.2258057,305.893618,320.1596413,0.397535463,5.365644319,53.57026696,40.49670338,33.40971184,5.169582604,0.110282496,1.309459447,0.069044386,8.465847479,0.852281531,22.72706065,99.08672733,0.001346677,0,1811.890273,388.671875,0.24270811,-9999
Kingsburg,Almond1,Almond,2,4,Top,na,Kingsburg_Almond1_Almond_L4T_GE,2,20140613,PSC0570,Yes,Yes,,42,16:47:58,33.96414566,-1.628294473,68.46622583,49.74758911,3.837273065,26.40395164,32.72509766,2001.662598,100.1617508,0.116326184,9.289719582,4.767872286,0,42,18431.5,42,0,0,498.6782227,870.8070679,683.6548462,-9999,0.427337879,0.214918124,-1,0.901468765,0.94185718,9.964785576,0.905493384,-0.000346647,0.502923179,1.746230391,-1,2001.662598,0.5,194.7687163,4.018844396,33.96414566,2,4.644859791,1,31.96240997,48.8181076,9.969750404,13.11367989,20.07375526,299.3291016,7.22845459,3.292990208,-0.015593395,0.666666687,-1.355140209,7.355140209,1,0,0.159999996,111115,1.496645508,0.004767872,307.1141457,305.8750977,320.2660085,0.376669452,5.332333532,53.23722369,40.12354381,33.34462166,5.150762201,0.114887558,1.313489137,0.071932604,6.857697049,1.376272239,23.01045851,49.98421601,-0.007495927,0,1812.49224,372.1288452,0.214918124,-9999
Kingsburg,Almond1,Almond,2,4,Top,na,Kingsburg_Almond1_Almond_L4T_GE,2,20140613,PSC0570,Yes,Yes,,43,16:50:34,33.91358566,14.60117652,174.1722127,390.0774536,3.837919845,26.31022263,32.77160645,2000.208374,100.1636429,0.11973142,9.289719582,4.888325266,0,43,18586,43,0,0,488.5117188,933.2886353,664.7921753,-9999,0.47656952,0.287688556,-1,0.901468765,0.94185718,9.964785576,0.905493384,0.008613841,0.603665456,1.910473382,-1,2000.208374,0.5,260.5272251,4.005051929,33.91358566,2,4.644859791,1,31.96752739,401.1047668,9.878525734,13.10113716,19.83844757,299.4020691,7.135962963,4.416708469,-0.008173808,0.666666687,-1.355140209,7.355140209,1,0,0.159999996,111115,1.497010345,0.004888325,307.0635857,305.9216064,320.0333327,0.359403017,5.317309553,53.0862237,39.98508654,33.34259605,5.150177469,0.118207887,1.312257624,0.074015315,17.44572331,0.446506741,23.09224603,387.9555824,0.008691045,0,1811.17545,444.7769165,0.287688556,-9999
Kingsburg,Almond1,Almond,2,4,Top,na,Kingsburg_Almond1_Almond_L4T_GE,3,20140613,PSC0570,Yes,Yes,,44,17:01:18,35.97618103,11.38664858,161.8117523,391.086853,4.641951116,21.44722557,35.54221344,1999.028564,100.1568298,0.088424722,9.289719582,4.27530907,0,44,19231,44,0,0,498.385498,974.1270752,674.2513428,-9999,0.488377327,0.307840466,-1,0.901468765,0.94185718,9.964785576,0.905493384,0.006843047,0.630333246,1.95456545,-1,1999.028564,0.5,278.6121125,4.712705725,35.97618103,2,4.644859791,1,35.47955704,399.8123474,9.64210701,12.46316528,16.59260941,299.3220825,7.091553211,4.77028513,-0.007281169,0.666666687,-1.355140209,7.355140209,1,0,0.159999996,111115,1.496610413,0.004275309,309.126181,308.6922134,319.8445632,0.50021242,5.960976849,59.51642898,47.05326369,35.75919724,5.890222241,0.087590982,1.248271124,0.054818664,16.20655214,0.413748892,18.76242517,389.4321233,0.005485966,0,1810.10714,475.7415771,0.307840466,-9999
Kingsburg,Almond1,Almond,2,4,Top,na,Kingsburg_Almond1_Almond_L4T_GE,3,20140613,PSC0570,Yes,Yes,,45,17:03:20,35.81626129,5.659931662,127.3118773,246.0031128,4.614925978,21.33671188,35.46088028,1999.947876,100.1548767,0.087557703,9.289719582,4.196332308,0,45,19353,45,0,0,498.7001953,915.7324219,666.0764771,-9999,0.455408389,0.272629798,-1,0.901468765,0.94185718,9.964785576,0.905493384,0.003677611,0.598649047,1.836238346,-1,1999.947876,0.5,246.8580443,4.672480204,35.81626129,2,4.644859791,1,35.47802353,250.4759979,9.573591232,12.34366798,16.54848099,299.2360535,7.363827229,4.357168674,-0.004990444,0.666666687,-1.355140209,7.355140209,1,0,0.159999996,111115,1.496180267,0.004196332,308.9662613,308.6108803,319.991653,0.518678425,5.908758749,58.9962161,46.65254811,35.63857079,5.851204523,0.086740158,1.236278545,0.054285462,12.75090537,0.517521408,18.76347188,245.1806006,0.0043315,0,1810.939571,417.0322266,0.272629798,-9999
Kingsburg,Almond1,Almond,2,4,Top,na,Kingsburg_Almond1_Almond_L4T_GE,3,20140613,PSC0570,Yes,Yes,,46,17:05:28,35.74849701,0.09745244,90.67385415,99.77632141,4.658440012,20.86896896,35.75053406,2000.96814,100.1500473,0.089066454,9.289719582,4.254388276,0,46,19481,46,0,0,500.322998,865.1669312,666.2347412,-9999,0.421703512,0.229935037,-1,0.901468765,0.94185718,9.964785576,0.905493384,0.000605704,0.545252838,1.729216795,-1,2000.96814,0.5,208.30544,4.65810977,35.74849701,2,4.644859791,1,36.06005096,100.1250763,9.460149765,12.26801491,16.09254456,299.31604,7.148648739,3.853331089,-0.008979663,1,-1.355140209,7.355140209,1,0,0.159999996,111115,1.4965802,0.004254388,308.898497,308.9005341,320.1548952,0.52719762,5.886752044,58.77932365,46.51130874,35.74951553,5.887082285,0.088220626,1.228642273,0.055213265,9.080990783,0.908771268,18.73596587,99.76215943,0.000183022,0,1811.863413,364.8439331,0.229935037,-9999
Kingsburg,Almond1,Almond,2,4,Top,na,Kingsburg_Almond1_Almond_L4T_GE,3,20140613,PSC0570,Yes,Yes,,47,17:07:58,35.89414215,-1.974506147,79.4995991,50.034729,4.697136507,20.78124428,35.85414886,2000.704956,100.1459808,0.092335998,9.289719582,4.453464531,0,47,19631,47,0,0,505.5300293,841.8508301,673.0792236,-9999,0.399501656,0.200476855,-1,0.901468765,0.94185718,9.964785576,0.905493384,-0.000537918,0.501817331,1.665283527,-1,2000.704956,0.5,181.594451,4.703662168,35.89414215,2,4.644859791,1,36.05921555,48.86449814,9.348195076,12.28683281,15.81099987,299.3731079,6.857650757,3.648291111,-0.01468645,0.666666687,-1.355140209,7.355140209,1,0,0.159999996,111115,1.49686554,0.004453465,309.0441422,309.0041489,320.1127858,0.489954643,5.934139091,59.25489013,46.96805732,35.87414551,5.92761343,0.091427249,1.230476923,0.057222987,7.961565328,1.588888372,18.60405833,50.32166805,-0.007299803,0,1811.625102,336.3208008,0.200476855,-9999
Kingsburg,Almond1,Almond,2,4,Top,na,Kingsburg_Almond1_Almond_L4T_GE,3,20140613,PSC0570,Yes,Yes,,48,17:10:38,35.92675781,12.04910558,164.2729769,392.1702576,4.713521319,20.70713234,35.92385483,1999.348999,100.1390457,0.094309725,9.289719582,4.558280444,0,48,19791,48,0,0,479.185791,855.2537231,646.2426758,-9999,0.439715048,0.244384844,-1,0.901468765,0.94185718,9.964785576,0.905493384,0.007207868,0.555780032,1.784806101,-1,1999.348999,0.5,221.2168295,4.713995945,35.92675781,2,4.644859791,1,36.0574379,401.4137573,9.283222198,12.29091263,15.63992119,299.3828735,7.154874325,4.813971043,-0.010126933,0.666666687,-1.355140209,7.355140209,1,0,0.159999996,111115,1.496914368,0.00455828,309.0767578,309.0738548,319.8958327,0.472578102,5.944796207,59.365417,47.07450437,35.92530632,5.944321581,0.09336191,1.230800262,0.058435615,16.45013914,0.418881783,18.58376001,390.4192583,0.005735314,0,1810.397292,376.0679321,0.244384844,-9999