Site,Plot,USDA_Species,Tree_Plant_Number,Leaf_Number,Canopy_Position,Leaf_Age,Sample_Name,Rep,Date,LiCor,Area_Corrected,Absorption_Corrected,QC,Obs,HHMMSS,FTime,Ebal,Photo,Cond,Ci,FCnt,DCnt,Fo,Fm,Fo_Prime,Fm_Prime,Fs,Fv_over_Fm,Fv_Prime_over_Fm_Prime,PhiPS2,Adark,RedAbs,BlueAbs,Perc_Blue,LeafAbs,PhiCO2,qP,qN,NPQ,ParIn_at_Fs,PS2_over_1,ETR,Trmmol,VpdL,CTleaf,Area,BLC_1,StmRat,BLCond,Tair,Tleaf,TBlk,CO2R,CO2S,H2OR,H2OS,RH_R,RH_S,Flow,PARi,PARo,Press,CsMch,HsMch,StableF,BLCslope,BLCoffst,f_parin,f_parout,alphaK,Status,fda,Trans,Tair_K,Twall_K,R_W_m2,Tl_minus_Ta,SVTleaf,h2o_i,h20diff,CTair,SVTair,CndTotal,vp_kPa,VpdA,CndCO2,Ci_Pa,Ci_over_Ca,RHsfc,C2sfc,Ahs_over_Cs,Fv,PARabs,Fv_Prime,qP_Fo,qN_Fo
SHAF,Plot01,SOTU,,1,Top,na,Shafter_SOTU_Plot1_L1T_GE,1,20150610,PSC0179,Yes,Yes,,1,14:07:09,100.0000037,0,10.69656186,0.305337187,827.4707392,1,1,0,0,600.1174316,1077.542969,826.0877686,-9999,0.443068677,0.233359789,-1,0.798776526,0.904334981,9.920444489,0.809248394,0.006687564,0.526689883,1.795553523,-1,1998.950195,0.5,188.7469089,1.505794002,0.494815069,23.69439125,2,4.644859791,1,9.289719582,24.78113747,23.69439125,23.93640137,900.0962524,892.0743408,23.51760292,24.49630737,74.8116684,77.92501831,300.1738892,1998.950195,314.4549866,99.83615875,-10.30354118,0.413488984,0.333333343,-1.355140209,7.355140209,1,0,0.159999996,111115,1.500869446,0.001505794,296.8443913,297.9311375,319.8320241,1.062899279,2.9404323,29.45257847,4.956271102,24.23776436,3.03801821,0.295620643,2.445617232,0.592400979,0.185611976,82.61150008,0.927580473,83.2558718,890.5198958,0.010000356,0,1749.001907,477.4255371,0.233359789,-9999
SHAF,Plot01,SOTU,,1,Top,na,Shafter_SOTU_Plot1_L1T_GE,1,20150610,PSC0179,Yes,Yes,,2,14:10:03,274.0000037,0,14.29919485,0.276797128,1094.090004,2,2,0,0,603.7602539,1124.13501,836.574646,-9999,0.462911262,0.255805896,-1,0.798776526,0.904334981,9.948647499,0.809278164,0.008743766,0.552602448,1.861889719,-1,1999.745605,0.5,206.991794,1.625740695,0.587593683,23.90900421,2,4.644859791,1,9.289719582,24.80292511,23.90900421,23.93424225,1200.676758,1189.859375,22.89302063,23.9503994,72.72809601,76.08725739,300.1390991,1999.745605,308.3627625,99.83336639,-15.48676872,0.528879762,0.333333343,-1.355140209,7.355140209,1,0,0.159999996,111115,1.500695496,0.001625741,297.0590042,297.9529251,319.9592897,1.033457339,2.978642681,29.83614385,5.885744456,24.35596466,3.059617173,0.268788294,2.391048998,0.668568175,0.168694326,109.2266882,0.919512025,80.31447487,1187.781388,0.009668718,0,1749.726059,520.3747559,0.255805896,-9999
SHAF,Plot01,SOTU,,1,Top,na,Shafter_SOTU_Plot1_L1T_GE,1,20150610,PSC0179,Yes,Yes,,3,14:12:36,427.0000032,0,22.21380149,0.270398399,1333.741575,3,3,0,0,603.4753418,1160.11792,843.1619263,-9999,0.479815516,0.273210152,-1,0.798776526,0.904334981,9.920444489,0.809248394,0.013267865,0.569406664,1.922394901,-1,1999.663452,0.5,221.0576724,1.660797885,0.614120214,23.9338131,2,4.644859791,1,9.289719582,24.83036804,23.9338131,23.93762016,1499.089233,1482.644531,22.64845085,23.7289772,71.8340683,75.26116943,300.1109314,1999.663452,306.0930786,99.83436584,-21.84943962,0.565310121,0.333333343,-1.355140209,7.355140209,1,0,0.159999996,111115,1.500554657,0.001660798,297.0838131,297.980368,319.9461452,1.027340341,2.983087606,29.88036815,6.151390948,24.38209057,3.064409283,0.26275045,2.368967391,0.695441892,0.164889443,133.1532443,0.899569348,79.44456259,1479.416379,0.011928797,0,1749.625979,556.6425781,0.273210152,-9999
SHAF,Plot02,SOTU,,2,Top,na,Shafter_SOTU_Plot2_L2T_GE,1,20150610,PSC0179,Yes,Yes,,4,14:20:53,924.0000037,0,21.93824422,0.199964697,697.1306223,4,4,0,0,735.8798828,1455.907104,1134.202515,-9999,0.494555744,0.220965053,-1,0.858716673,0.922134455,10.12403679,0.865137113,0.013109676,0.446795038,1.978457542,-1,1999.536743,0.5,191.1207883,1.500723318,0.745020873,24.16558266,2,4.644859791,1,9.289719582,24.93338394,24.16558266,23.9342823,901.0819702,885.5805664,21.86026382,22.8372612,68.90714264,71.98680115,300.1954651,1999.536743,375.7226257,99.83128357,-16.39051628,0.488262773,0.666666687,-1.355140209,7.355140209,1,0,0.159999996,111115,1.500977325,0.001500723,297.3155827,298.0833839,319.9258718,1.049594706,3.024893972,30.3000609,7.462799697,24.5494833,3.095269058,0.195751081,2.279873099,0.815395959,0.122716142,69.59544484,0.787201807,75.23126647,882.3924584,0.01870417,0,1749.718658,720.0272217,0.220965053,-9999
SHAF,Plot02,SOTU,,2,Top,na,Shafter_SOTU_Plot2_L2T_GE,1,20150610,PSC0179,Yes,Yes,,5,14:23:50,1101.500004,0,24.71996654,0.241274382,1000.850525,5,5,0,0,719.1530762,1465.228149,1054.755493,-9999,0.509186964,0.280142486,-1,0.858716673,0.922134455,10.12403679,0.865137113,0.014697958,0.550176076,2.037435698,-1,1999.744751,0.5,242.3307301,1.879972779,0.776693418,24.36216354,2,4.644859791,1,9.289719582,24.94189453,24.36216354,23.93434525,1200.283936,1182.336914,21.65602303,22.87965393,68.22735596,72.08240509,300.247345,1999.744751,402.6929626,99.82931519,-20.33119011,0.749743104,0,-1.355140209,7.355140209,1,0,0.159999996,111115,1.501236725,0.001879973,297.5121635,298.0918945,319.959153,0.974236421,3.060753602,30.65986776,7.780213827,24.65202904,3.114307808,0.23516659,2.284060184,0.830247624,0.147515928,99.91422256,0.846501969,74.58617287,1178.744561,0.015641792,0,1749.900678,746.0750732,0.280142486,-9999
SHAF,Plot02,SOTU,,2,Top,na,Shafter_SOTU_Plot2_L2T_GE,1,20150610,PSC0179,Yes,Yes,,6,14:26:22,1253.000004,0,32.60247654,0.254638102,1248.942514,6,6,0,0,712.8569336,1454.21875,1036.141357,-9999,0.509800755,0.287492781,-1,0.858716673,0.922134455,10.09548283,0.865119004,0.019212271,0.56393165,2.039986821,-1,1998.760864,0.5,248.5613723,1.967713856,0.771417312,24.30279732,2,4.644859791,1,9.289719582,24.97105408,24.30279732,23.93216133,1499.490479,1475.845825,21.54338646,22.82382774,67.75398254,71.78097534,300.3344421,1998.760864,421.4179993,99.82847595,-26.1276989,0.805184007,0.333333343,-1.355140209,7.355140209,1,0,0.159999996,111115,1.501672211,0.001967714,297.4527973,298.1210541,319.8017311,0.962185282,3.049885251,30.55125526,7.727427518,24.6369257,3.111497294,0.2478445,2.278467939,0.833029355,0.155499178,124.6800277,0.84625541,74.70646693,1471.10797,0.016556336,0,1749.01118,741.3618164,0.287492781,-9999
SHAF,Plot02,SOTU,,3,Top,na,Shafter_SOTU_Plot2_L3T_GE,1,20150610,PSC0179,Yes,Yes,,7,14:28:52,1403.500003,0,6.247561771,0.102548469,287.2497018,7,7,0,0,697.5439453,1313.344849,1109.832275,-9999,0.468879825,0.154957453,-1,0.858735853,0.911347533,10.09548283,0.864047256,0.00414023,0.330484369,1.882813058,-1,2000.486938,0.5,133.9231607,1.631726324,1.557025224,28.10457039,2,4.644859791,1,9.289719582,24.8925972,28.10457039,23.92795372,398.9993286,394.4069824,21.58698654,22.64976311,68.2071228,71.56510925,300.1135254,2000.486938,553.0595093,99.82487488,-5.80207634,0.574114442,0.666666687,-1.355140209,7.355140209,1,0,0.159999996,111115,1.500567627,0.001631726,301.2545704,298.0425972,320.077903,0.841737231,3.818034992,38.2473306,15.59756749,26.49858379,3.475100596,0.101428805,2.261009768,1.214090828,0.063492656,28.67466554,0.728307851,58.39773192,393.4990747,0.009271774,0,1750.521577,615.8009033,0.154957453,-9999
SHAF,Plot02,SOTU,,3,Top,na,Shafter_SOTU_Plot2_L3T_GE,1,20150610,PSC0179,Yes,Yes,,8,14:34:41,1752.000002,0,7.169028515,0.221965754,336.5992037,8,8,0,0,717.734375,1279.440918,1072.788208,-9999,0.439024995,0.161517978,-1,0.858735853,0.911347533,9.892401695,0.863940412,0.004669441,0.367901554,1.782610618,-1,1999.512817,0.5,139.5079172,1.983730027,0.888753483,24.83952141,2,4.644859791,1,9.289719582,24.8726387,24.83952141,23.92782021,399.9670105,394.668396,21.35296059,22.64484596,67.55137634,71.63833618,300.151825,1999.512817,4.60631752,99.82974243,-7.162641525,0.786648393,1,-1.355140209,7.355140209,1,0,0.159999996,111115,1.500759125,0.00198373,297.9895214,298.0226387,319.9220436,0.930716896,3.149382623,31.5475383,8.902692334,24.85608006,3.152496829,0.216785937,2.26062914,0.891867689,0.135947255,33.60261181,0.852865867,71.6710084,393.6265789,0.013053273,0,1749.466143,561.706543,0.161517978,-9999
SHAF,Plot02,SOTU,,3,Top,na,Shafter_SOTU_Plot2_L3T_GE,1,20150610,PSC0179,Yes,Yes,,9,14:36:31,1862.000004,0,2.353414942,0.246947834,230.2706948,9,9,0,0,710.6118164,1223.157104,1050.321655,-9999,0.419034715,0.141302739,-1,0.858735853,0.911347533,9.892401695,0.863940412,0.001917323,0.337210103,1.721273241,-1,1998.989868,0.5,122.0154896,2.101565405,0.848689084,24.65067673,2,4.644859791,1,9.289719582,24.8459034,24.65067673,23.92654991,251.120697,249.2044067,21.32338905,22.69135666,67.568367,71.90311432,300.2816772,1998.989868,4.841017246,99.83391571,-3.514127731,0.866406083,0.333333343,-1.355140209,7.355140209,1,0,0.159999996,111115,1.501408386,0.002101565,297.8006767,297.9959034,319.8383718,0.917068988,3.114056072,31.19236634,8.501009682,24.74829006,3.132272788,0.240553228,2.265366988,0.8669058,0.150907497,22.98882513,0.924023366,72.7171732,248.8624039,0.006876639,0,1749.008591,512.5452881,0.141302739,-9999
SHAF,Plot02,SOTU,,3,Top,na,Shafter_SOTU_Plot2_L3T_GE,1,20150610,PSC0179,Yes,Yes,,10,14:38:08,1959.500004,0,-0.925420232,0.240184022,154.2248431,10,10,0,0,709.2316895,1202.991821,1043.75708,-9999,0.410443465,0.132365606,-1,0.858735853,0.911347533,9.892401695,0.863940412,4.27E-05,0.322494124,1.696190172,-1,1998.003906,0.5,114.2418634,2.09338422,0.868431241,24.77825928,2,4.644859791,1,9.289719582,24.82844734,24.77825928,23.92794228,149.6853333,150.0924835,21.37002182,22.73278427,67.7852478,72.10790253,300.2424622,1998.003906,4.525637627,99.83172607,-1.29968071,0.889980912,0.666666687,-1.355140209,7.355140209,1,0,0.159999996,111115,1.501212311,0.002093384,297.9282593,297.9784473,319.6806179,0.911222895,3.137884334,31.43173475,8.69895048,24.80335331,3.142589788,0.234130617,2.269453092,0.873136696,0.146863717,15.39653229,1.027532089,72.27085479,150.2269674,-0.004451991,0,1748.145927,493.7601318,0.132365606,-9999
SHAF,Plot02,SOTU,,3,Top,na,Shafter_SOTU_Plot2_L3T_GE,1,20150610,PSC0179,Yes,Yes,,11,14:39:42,2052.500004,0,-2.10837873,0.232582425,89.38385513,11,11,0,0,709.6313477,1179.500366,1040.817749,-9999,0.398362758,0.117577426,-1,0.858735853,0.911347533,9.864517212,0.863925741,-0.000633245,0.295151652,1.662131148,-1,2000.515625,0.5,101.6043532,2.142427153,0.916708314,25.11529541,2,4.644859791,1,9.289719582,24.82649994,25.11529541,23.92796135,74.51603699,75.81224823,21.49326897,22.88768768,68.18334961,72.60688019,300.2529907,2000.515625,4.781044006,99.83059692,-0.288763046,0.92090857,0.333333343,-1.355140209,7.355140209,1,0,0.159999996,111115,1.501264954,0.002142427,298.2652954,297.9764999,320.0824928,0.88857678,3.201599837,32.07032649,9.182638808,24.97089767,3.174164858,0.226901594,2.284891524,0.889273334,0.142313172,8.923243613,1.179016019,71.27726514,76.1186419,-0.019742794,0,1750.315654,469.8690186,0.117577426,-9999
SHAF,Plot02,SOTU,,3,Top,na,Shafter_SOTU_Plot2_L3T_GE,1,20150610,PSC0179,Yes,Yes,,12,14:42:14,2205.000004,0,8.742923088,0.229686233,325.6199035,12,12,0,0,700.5078125,1195.8479,1023.67749,-9999,0.414216631,0.143973502,-1,0.858735853,0.911347533,9.864517212,0.863925741,0.005569441,0.347580207,1.707115722,-1,1999.41626,0.5,124.346111,2.251666552,0.97487773,25.48914909,2,4.644859791,1,9.289719582,24.58690834,25.48914909,23.53165245,399.9874573,393.5724182,21.5604744,23.02602196,69.38321686,74.09946442,300.2044678,1999.41626,4.420937538,99.83129883,-9.086858749,0.974606156,0.333333343,-1.355140209,7.355140209,1,0,0.159999996,111115,1.501022339,0.002251667,298.6391491,297.7369083,319.9065944,0.840449112,3.273595409,32.79127335,9.765251393,25.03802872,3.18689382,0.224144315,2.298717679,0.888176141,0.140577781,32.50705789,0.827344317,70.1041552,392.3018797,0.015623561,0,1749.353784,495.3400879,0.143973502,-9999
SHAF,Plot04,SOTU,,4,Top,na,Shafter_SOTU_Plot2_L4T_GE,1,20150610,PSC0179,Yes,Yes,,13,14:55:12,2984.000004,0,21.93436498,0.121408464,586.2561128,13,13,0,0,737.8222656,1416.405151,1190.440796,-9999,0.479088123,0.159533701,-1,0.819902135,0.920445789,10.09548283,0.830052503,0.013107672,0.33299448,1.919710501,-1,1999.536865,0.5,132.3906831,0.799025851,0.647505267,24.20168114,2,4.644859791,1,9.289719582,24.74754906,24.20168114,23.93042755,901.4807129,886.3966064,23.36189461,23.88147926,74.45654297,76.11251068,300.2182312,1999.536865,4.939006805,99.8240509,-15.27954674,0.121845841,0,-1.355140209,7.355140209,1,0,0.159999996,111115,1.501091156,0.000799026,297.3516811,297.8975491,319.9258913,1.163211108,3.031451269,30.36794481,6.48646555,24.4746151,3.081433276,0.119842231,2.383946002,0.697487274,0.075040554,58.52246005,0.661392551,78.32812612,883.2090621,0.019452673,0,1749.690218,678.5828857,0.159533701,-9999
SHAF,Plot04,SOTU,,4,Top,na,Shafter_SOTU_Plot2_L4T_GE,1,20150610,PSC0179,Yes,Yes,,14,14:57:48,3139.000004,0,21.23081906,0.20932525,1008.795391,14,14,0,0,681.9870605,1267.802002,993.5561523,-9999,0.462071318,0.216315993,-1,0.819902135,0.920445789,9.892401695,0.829848318,0.012713635,0.46814417,1.858982487,-1,1998.500977,0.5,179.3749188,1.228007574,0.582499854,24.08006668,2,4.644859791,1,9.289719582,24.7186718,24.08006668,23.93203926,1199.811157,1184.699585,23.51410294,24.31222725,75.06994629,77.61799622,300.2419434,1998.500977,4.933542252,99.82259369,-16.60510826,0.361183763,0,-1.355140209,7.355140209,1,0,0.159999996,111115,1.501209717,0.001228008,297.2300667,297.8686718,319.7601491,1.091150319,3.009409436,30.14757807,5.835350821,24.39936924,3.067582204,0.204712464,2.426909582,0.640672621,0.128351876,100.7005724,0.85152,80.54070967,1181.614281,0.014471264,0,1748.580837,585.8149414,0.216315993,-9999
SHAF,Plot04,SOTU,,4,Top,na,Shafter_SOTU_Plot2_L4T_GE,1,20150610,PSC0179,Yes,Yes,,15,15:00:17,3288.000004,0,28.46707906,0.223305345,1259.877147,15,15,0,0,675.2163086,1259.454712,973.1851807,-9999,0.463882026,0.227296407,-1,0.819902135,0.920445789,9.864517212,0.829820281,0.016849922,0.489987528,1.865261096,-1,1998.778931,0.5,188.5000126,1.273711131,0.567177417,24.06172752,2,4.644859791,1,9.289719582,24.7023983,24.06172752,23.93074417,1501.027832,1480.807617,23.60415077,24.43192101,75.43267822,78.07801819,300.2262878,1998.778931,4.900692463,99.82515717,-22.26599693,0.41290915,0.333333343,-1.355140209,7.355140209,1,0,0.159999996,111115,1.501131439,0.001273711,297.2117275,297.8523983,319.8046218,1.083365809,3.006097771,30.11362923,5.681708227,24.38206291,3.064404207,0.218063555,2.438920354,0.625483852,0.136751166,125.7674342,0.85080407,81.05874602,1476.670726,0.015626407,0,1748.796164,584.2384033,0.227296407,-9999
SHAF,Plot04,SOTU,,5,Top,na,Shafter_SOTU_Plot2_L5T_GE,1,20150610,PSC0179,Yes,Yes,,16,15:02:11,3402.000004,0,19.35879869,0.144853163,660.9566964,16,16,0,0,740.8071289,1588.456177,1206.950684,-9999,0.533630742,0.24017376,-1,0.861576516,0.910523741,9.892401695,0.866418572,0.011641728,0.450074821,2.144223665,-1,1998.72644,0.5,207.9584983,0.968752095,0.659275011,24.51132011,2,4.644859791,1,9.289719582,24.79397964,24.51132011,23.93367767,899.4962769,886.0297852,23.70271683,24.33229446,75.33317566,77.33413696,300.2584839,1998.72644,5.46135664,99.82349396,-15.40839195,0.182808518,0.333333343,-1.355140209,7.355140209,1,0,0.159999996,111115,1.501292419,0.000968752,297.6613201,297.9439796,319.7962233,1.12066888,3.088209661,30.93670175,6.604407291,24.65264988,3.114423385,0.142629168,2.428934649,0.685488736,0.089340409,65.97900679,0.745975708,78.38224142,883.2165271,0.017180227,0,1748.778106,847.6490479,0.24017376,-9999
SHAF,Plot04,SOTU,,5,Top,na,Shafter_SOTU_Plot2_L5T_GE,1,20150610,PSC0179,Yes,Yes,,17,15:04:42,3553.000004,0,23.84526905,0.205369948,983.60032,17,17,0,0,681.7766113,1410.821045,992.3215332,-9999,0.516751884,0.296635433,-1,0.861576516,0.910523741,9.892401695,0.866418572,0.01420669,0.574038416,2.069330366,-1,1998.800537,0.5,256.8563111,1.24343134,0.600697596,24.32213974,2,4.644859791,1,9.289719582,24.75920868,24.32213974,23.93341827,1200.451172,1183.586914,23.76337242,24.57130051,75.68084717,78.25390625,300.2442017,1998.800537,5.528256893,99.82072449,-18.37921715,0.360508561,0,-1.355140209,7.355140209,1,0,0.159999996,111115,1.501221008,0.001243431,297.4721397,297.9092087,319.8080788,1.07938159,3.053422614,30.58906485,6.01776434,24.54067421,3.093638308,0.200927987,2.452725018,0.64091329,0.12597166,98.18369655,0.831033453,80.20667681,1180.121673,0.016206378,0,1748.842936,729.0444336,0.296635433,-9999
SHAF,Plot04,SOTU,,5,Top,na,Shafter_SOTU_Plot2_L5T_GE,1,20150610,PSC0179,Yes,Yes,,18,15:07:39,3730.000004,0,29.53628747,0.224020036,1251.367122,18,18,0,0,672.9172363,1433.693604,962.2344971,-9999,0.530640832,0.328842303,-1,0.861576516,0.910523741,9.892401695,0.866418572,0.017451461,0.619707876,2.130564542,-1,1999.876099,0.5,284.8974279,1.318231119,0.584983315,24.25651741,2,4.644859791,1,9.289719582,24.74670982,24.25651741,23.93455505,1500.765747,1479.800171,23.75266075,24.6088028,75.70274353,78.43138123,300.3686218,1999.876099,5.326280117,99.82008362,-23.45660973,0.371805787,0.333333343,-1.355140209,7.355140209,1,0,0.159999996,111115,1.501843109,0.001318231,297.4065174,297.8967098,319.9801686,1.06931786,3.041436068,30.46917973,5.860376933,24.50161362,3.086416407,0.218745036,2.456452753,0.629963654,0.137179986,124.9115708,0.845632503,80.68725821,1475.507901,0.01615174,0,1749.783995,760.7763672,0.328842303,-9999
SHAF,Plot03,SOTU,,6,Top,na,Shafter_SOTU_Plot3_L6T_GE,1,20150610,PSC0179,Yes,Yes,,19,15:15:23,4194.000003,0,17.02416211,0.141887987,683.6404974,19,19,0,0,773.9536133,1777.428589,1407.412964,-9999,0.564565565,0.208174678,-1,0.811160474,0.901362111,10.09548283,0.820266765,0.010299317,0.368734282,2.296557001,-1,1999.930542,0.5,170.7528398,1.195778075,0.830620984,24.93408585,2,4.644859791,1,9.289719582,24.5119381,24.93408585,23.53988838,900.916748,888.8647461,22.62781906,23.40595627,73.14331055,75.65859985,300.1500854,1999.930542,638.3257446,99.82855225,-13.05328941,0.279879212,0.666666687,-1.355140209,7.355140209,1,0,0.159999996,111115,1.500750427,0.001195778,298.0840858,297.6619381,319.9888796,1.049120863,3.167203712,31.72643137,8.320475104,24.72301197,3.127546447,0.139753441,2.336582728,0.790963719,0.0875352,68.24684111,0.769116449,73.43659557,886.390762,0.014104349,0,1750.034704,1003.474976,0.208174678,-9999
SHAF,Plot03,SOTU,,6,Top,na,Shafter_SOTU_Plot3_L6T_GE,1,20150610,PSC0179,Yes,Yes,,20,15:18:32,4383.000004,0,20.08852592,0.205606954,1012.764072,20,20,0,0,674.8666992,1375.446045,998.666626,-9999,0.509347021,0.273932533,-1,0.811160474,0.901362111,10.09548283,0.820266765,0.012051556,0.5378112,2.038100334,-1,1999.72998,0.5,224.6674162,1.512723558,0.730127047,24.60590935,2,4.644859791,1,9.289719582,24.4608345,24.60590935,23.54390907,1199.816772,1185.234619,22.81250954,23.79662323,73.96691895,77.15779877,300.112854,1999.72998,630.7342529,99.82952118,-16.29877281,0.483719468,0,-1.355140209,7.355140209,1,0,0.159999996,111115,1.50056427,0.001512724,297.7559093,297.6108345,319.9567897,1.005897433,3.10573255,31.11036208,7.313738846,24.53337193,3.092287069,0.201154846,2.375605503,0.716681567,0.126114334,101.1037524,0.854484045,76.35078634,1182.315316,0.012972637,0,1749.859203,700.5793457,0.273932533,-9999
SHAF,Plot03,SOTU,,6,Top,na,Shafter_SOTU_Plot3_L6T_GE,1,20150610,PSC0179,Yes,Yes,,21,15:21:11,4542.000004,0,27.29076565,0.234146148,1274.535095,21,21,0,0,652.5927734,1301.408569,948.1592407,-9999,0.498548889,0.271436148,-1,0.811160474,0.901362111,10.09548283,0.820266765,0.016179157,0.544452418,1.994212352,-1,1998.283325,0.5,222.4589419,1.619602387,0.688656734,24.37924194,2,4.644859791,1,9.289719582,24.46970177,24.37924194,23.5434761,1500.400635,1480.621948,22.73917961,23.7924881,73.69117737,77.1046524,300.2098694,1998.283325,626.49823,99.83107758,-22.56110191,0.536320329,0.333333343,-1.355140209,7.355140209,1,0,0.159999996,111115,1.501049347,0.001619602,297.5292419,297.6197018,319.7253249,0.996931161,3.063886459,30.69070808,6.898219983,24.42447186,3.072196969,0.228389618,2.375229725,0.696967244,0.143249774,127.2382119,0.860810618,77.46204635,1476.656001,0.014316121,0,1748.59331,648.8157959,0.271436148,-9999
SHAF,Plot01,SOTU,,7,Top,na,Shafter_SOTU_Plot1_L7T_GE,1,20150610,PSC0179,Yes,Yes,,22,15:24:56,4767.500003,0,6.777169355,0.163418278,322.3366182,22,22,0,0,747.7685547,1409.794556,1225.619629,-9999,0.469590408,0.13063955,-1,0.858844361,0.914752544,9.864517212,0.864359433,0.004444824,0.278198932,1.885335438,-1,1999.827759,0.5,112.909803,1.335074356,0.807109776,24.82813454,2,4.644859791,1,9.289719582,24.38924599,24.82813454,23.54270554,399.3120422,394.4454346,22.57264328,23.4413681,73.50333405,76.33216858,300.1591187,1999.827759,5.599394798,99.82919312,-5.32349205,0.332581162,1,-1.355140209,7.355140209,1,0,0.159999996,111115,1.500795593,0.001335074,297.9781345,297.539246,319.9724343,1.023809512,3.147242639,31.52627544,8.084907335,24.60869026,3.106249033,0.160593233,2.340132863,0.76611617,0.100620817,32.1786045,0.817189375,74.08613694,393.4605632,0.012760982,0,1749.713818,662.026001,0.13063955,-9999
SHAF,Plot01,SOTU,,7,Top,na,Shafter_SOTU_Plot1_L7T_GE,1,20150610,PSC0179,Yes,Yes,,23,15:26:57,4888.000004,0,2.065959152,0.238369454,231.7810433,23,23,0,0,746.9885254,1315.908081,1150.679565,-9999,0.43233989,0.125562353,-1,0.858844361,0.914752544,9.864517212,0.864359433,0.001753872,0.290425094,1.76161753,-1,1997.993042,0.5,108.4220961,1.881547158,0.785983242,24.78951073,2,4.644859791,1,9.289719582,24.37130165,24.78951073,23.54203033,250.7449188,249.0560608,22.35589409,23.58006096,72.8768158,76.86740875,300.1519165,1997.993042,5.353781223,99.83053589,-2.784627914,0.706408143,0,-1.355140209,7.355140209,1,0,0.159999996,111115,1.500759583,0.001881547,297.9395107,297.5213017,319.6788796,0.927257119,3.139993364,31.45323558,7.873174623,24.58040619,3.100999491,0.232406034,2.354010122,0.746989369,0.145778029,23.13882576,0.930638036,74.90430781,248.7558316,0.006220929,0,1748.108565,568.9195557,0.125562353,-9999
SHAF,Plot01,SOTU,,7,Top,na,Shafter_SOTU_Plot1_L7T_GE,1,20150610,PSC0179,Yes,Yes,,24,15:28:28,4979.000004,0,-1.019271074,0.257666314,154.5135073,24,24,0,0,740.3366699,1284.099487,1136.571655,-9999,0.42345848,0.114888164,-1,0.858844361,0.914752544,9.864517212,0.864359433,-1.10E-05,0.271309158,1.734480459,-1,1999.515991,0.5,99.28063586,1.97270634,0.764018592,24.63557625,2,4.644859791,1,9.289719582,24.36701393,24.63557625,23.54182625,149.4612732,149.9429779,22.22994995,23.51253128,72.4835968,76.6656189,300.3822021,1999.515991,5.413716316,99.82879639,-0.686880112,0.748755097,0.333333343,-1.355140209,7.355140209,1,0,0.159999996,111115,1.501911011,0.001972706,297.7855762,297.5170139,319.9225514,0.919038253,3.111246289,31.1658199,7.653288623,24.50129509,3.086357575,0.250712376,2.347227698,0.739129877,0.157305509,15.42489746,1.030481784,75.43446432,150.0911003,-0.005122767,0,1749.441042,543.7628174,0.114888164,-9999
SHAF,Plot01,SOTU,,7,Top,na,Shafter_SOTU_Plot1_L7T_GE,1,20150610,PSC0179,Yes,Yes,,25,15:30:17,5088.000004,0,-2.525728411,0.271124024,90.14163999,25,25,0,0,730.5830078,1260.576904,1129.780762,-9999,0.420437575,0.103758955,-1,0.858844361,0.914752544,9.836789131,0.864343931,-0.000871689,0.246788017,1.725439671,-1,2000.543457,0.5,89.70779279,2.004092819,0.738753743,24.54217339,2,4.644859791,1,9.289719582,24.35612106,24.54217339,23.53881645,74.28847504,75.87016296,22.28714752,23.59106064,72.72046661,76.97499084,300.1448669,2000.543457,5.391960144,99.83281708,0.089700699,0.782236695,0.333333343,-1.355140209,7.355140209,1,0,0.159999996,111115,1.500724335,0.002004093,297.6921734,297.5061211,320.086946,0.917954025,3.093915784,30.99096945,7.399908812,24.44914722,3.076739105,0.263435556,2.355162041,0.721577063,0.165321142,8.999093856,1.188103946,76.14855643,76.2372067,-0.025227914,0,1750.31227,529.9938965,0.103758955,-9999
SHAF,Plot01,SOTU,,7,Top,na,Shafter_SOTU_Plot1_L7T_GE,1,20150610,PSC0179,Yes,Yes,,26,15:32:20,5211.000004,0,10.62057661,0.273781083,324.721258,26,26,0,0,725.1418457,1280.679443,1110.084473,-9999,0.433783489,0.133206613,-1,0.858844361,0.914752544,9.864517212,0.864359433,0.006645992,0.307080873,1.766108867,-1,1998.450806,0.5,115.0492065,2.119392239,0.774071967,24.52714729,2,4.644859791,1,9.289719582,24.33985329,24.52714729,23.54399681,400.5420837,392.911499,21.82960129,23.20884132,71.29884338,75.80364227,300.1948242,1998.450806,4.791741371,99.83538818,-8.534872055,0.862230897,0.333333343,-1.355140209,7.355140209,1,0,0.159999996,111115,1.500974121,0.002119392,297.6771473,297.4898533,319.7521218,0.896236931,3.09113565,30.96232415,7.753482823,24.43350029,3.073858204,0.265943359,2.317063683,0.756794521,0.166901438,32.41867284,0.826448854,74.99802312,391.3680963,0.020352253,0,1748.509077,555.5375977,0.133206613,-9999
SHAF,Plot04,SOTU,,8,Top,na,Shafter_SOTU_Plot4_L8T_GE,1,20150610,PSC0179,Yes,Yes,,27,15:42:45,5836.000003,0,13.25070786,0.095651952,654.1012266,27,27,0,0,675.7485352,1204.393555,942.8002319,-9999,0.438930462,0.217199205,-1,0.826469641,0.908067444,10.01077938,0.834638217,0.008150857,0.494837392,1.782310271,-1,1998.123901,0.5,181.1127051,1.049304048,1.067357243,29.14542198,2,4.644859791,1,9.289719582,29.43243408,29.14542198,29.01709175,900.8371582,891.3869019,29.25720787,29.9352932,70.83013916,72.47174835,300.2255859,1998.123901,7.920395851,99.82807922,-12.38374901,0.061184525,0.666666687,-1.355140209,7.355140209,1,0,0.159999996,111115,1.50112793,0.001049304,302.295422,302.5824341,319.6998171,1.104517186,4.055740064,40.62724732,10.69195412,29.28892803,4.08950478,0.094677105,2.988382821,1.101121959,0.059260009,65.29766907,0.733801703,72.99836182,889.4612834,0.010874897,0,1748.369183,528.6450195,0.217199205,-9999
SHAF,Plot04,SOTU,,8,Top,na,Shafter_SOTU_Plot4_L8T_GE,1,20150610,PSC0179,Yes,Yes,,28,15:45:18,5989.000004,0,18.88896906,0.108932199,888.3808263,28,28,0,0,651.105957,1198.671143,899.1729736,-9999,0.456810184,0.249858496,-1,0.826469641,0.908067444,9.982861519,0.834615437,0.011368174,0.546963497,1.840977079,-1,1999.483154,0.5,208.4818673,1.191440548,1.065667739,29.14263344,2,4.644859791,1,9.289719582,29.44402122,29.14263344,29.01478767,1200.47583,1186.949707,29.17634392,29.94632149,70.58563995,72.44842529,300.2064819,1999.483154,8.121046066,99.82590485,-17.28450584,0.135199189,0.333333343,-1.355140209,7.355140209,1,0,0.159999996,111115,1.50103241,0.001191441,302.2926334,302.5940212,319.9172975,1.081062725,4.055086378,40.62158399,10.6752625,29.29332733,4.090543725,0.107669654,2.989418639,1.101125086,0.067405838,88.68341983,0.748457008,73.07478056,1184.204726,0.011655985,0,1749.530626,547.5651855,0.249858496,-9999
SHAF,Plot04,SOTU,,8,Top,na,Shafter_SOTU_Plot4_L8T_GE,1,20150610,PSC0179,Yes,Yes,,29,15:47:55,6146.500004,0,26.90713572,0.113456831,1075.329444,29,29,0,0,642.046875,1240.952881,889.0828857,-9999,0.482617846,0.283548232,-1,0.826469641,0.908067444,10.01077938,0.834638217,0.015953278,0.587521233,1.932807291,-1,1999.192505,0.5,236.5646396,1.256768401,1.079828751,29.1449852,2,4.644859791,1,9.289719582,29.43963051,29.1449852,29.01635933,1500.807739,1481.645508,28.99876976,29.81090736,70.17163849,72.13685608,300.27005,1999.192505,8.12460041,99.82282257,-22.32173729,0.207440019,0.333333343,-1.355140209,7.355140209,1,0,0.159999996,111115,1.50135025,0.001256768,302.2949852,302.5896305,319.8707936,1.069061202,4.055637668,40.62836096,10.8174536,29.29230785,4.090302943,0.112087883,2.975808916,1.114494027,0.070176646,107.3424203,0.72576702,72.7356403,1477.735311,0.013243967,0,1749.304217,598.9060059,0.283548232,-9999
SHAF,Plot03,SOTU,,9,Top,na,Shafter_SOTU_Plot3_L9T_GE,1,20150610,PSC0179,Yes,Yes,,30,15:50:44,6315.500003,0,15.55346117,0.093482915,606.2417308,30,30,0,0,694.0712891,1316.775024,948.2381592,-9999,0.472900628,0.279878383,-1,0.856374427,0.922933107,9.982861519,0.863018888,0.00946048,0.591833394,1.897175471,-1,1999.732178,0.5,241.5079864,1.077263458,1.121116056,29.17194939,2,4.644859791,1,9.289719582,29.53515816,29.17194939,29.01771164,899.6404419,888.6395264,28.76473236,29.4613533,69.22138214,70.89778137,300.1706543,1999.732178,167.8579254,99.82050323,-13.7318325,0.028946519,0.666666687,-1.355140209,7.355140209,1,0,0.159999996,111115,1.500853271,0.001077263,302.3219494,302.6851582,319.9571413,1.10424575,4.061963168,40.69267372,11.23132041,29.35355377,4.104790057,0.092551564,2.940847113,1.163942945,0.057927689,60.51535465,0.68221333,71.68129075,886.3792673,0.012578049,0,1749.748519,622.7037354,0.279878383,-9999
SHAF,Plot03,SOTU,,9,Top,na,Shafter_SOTU_Plot3_L9T_GE,1,20150610,PSC0179,Yes,Yes,,31,15:53:21,6472.500004,0,21.21110398,0.121561502,883.2958741,31,31,0,0,660.8098145,1319.770752,895.3790283,-9999,0.499299546,0.321564729,-1,0.856374427,0.922933107,9.982861519,0.863018888,0.012687453,0.644031686,1.997202104,-1,2000.745728,0.5,277.6199104,1.403669729,1.12676069,29.16616249,2,4.644859791,1,9.289719582,29.58687973,29.16616249,29.01581001,1200.165161,1184.925293,28.4844532,29.39215088,68.34068298,70.51846313,300.1908875,2000.745728,207.8535614,99.81726837,-18.90724754,0.243502259,0,-1.355140209,7.355140209,1,0,0.159999996,111115,1.500954437,0.00140367,302.3161625,302.7368797,320.1193093,1.050208897,4.060604902,40.68038495,11.28823407,29.37652111,4.110234275,0.119991344,2.933844212,1.176390062,0.075134096,88.16818131,0.745444358,71.61533182,1181.842854,0.012853149,0,1750.635367,658.9609375,0.321564729,-9999
SHAF,Plot03,SOTU,,9,Top,na,Shafter_SOTU_Plot3_L9T_GE,1,20150610,PSC0179,Yes,Yes,,32,15:55:42,6613.500004,0,27.31682254,0.117427616,1078.55587,32,32,0,0,648.9245605,1368.696045,890.4573364,-9999,0.525881175,0.349411917,-1,0.856374427,0.922933107,9.982861519,0.863018888,0.016182309,0.664431308,2.109175901,-1,1999.862915,0.5,301.528415,1.385626265,1.151081121,29.17032051,2,4.644859791,1,9.289719582,29.61593437,29.17032051,29.01655579,1498.76123,1479.193604,28.26142502,29.15778351,67.69334412,69.84034729,300.1532288,1999.862915,183.483902,99.8189621,-25.15285301,0.257258058,0.333333343,-1.355140209,7.355140209,1,0,0.159999996,111115,1.500766144,0.001385626,302.3203205,302.7659344,319.9780593,1.054006484,4.061580808,40.68947145,11.53168794,29.39312744,4.114174588,0.11596179,2.910499687,1.203674901,0.072606404,107.6603276,0.729151254,71.00027933,1475.22387,0.013147171,0,1749.862913,719.7714844,0.349411917,-9999
SHAF,Plot01,SOTU,,10,Top,na,Shafter_SOTU_Plot1_L10T_GE,1,20150610,PSC0179,Yes,Yes,,33,16:07:44,7335.000004,0,21.99240879,0.092363891,486.4426664,33,33,0,0,735.6621094,1523.167969,1222.685425,-9999,0.517018396,0.197274726,-1,0.808204526,0.904793,9.955097198,0.817820002,0.013149807,0.381562296,2.070472231,-1,1998.334473,0.5,161.2008629,1.13777954,1.197865072,29.47972298,2,4.644859791,1,9.289719582,29.50039101,29.47972298,29.01034737,899.6082153,884.2789307,28.68597412,29.4220295,69.17006683,70.94490814,300.059967,1998.334473,13.2780323,99.82010651,-17.30806541,0.145819306,0.666666687,-1.355140209,7.355140209,1,0,0.159999996,111115,1.500299835,0.00113778,302.629723,302.650391,319.7335085,1.076249837,4.13477519,41.42226787,12.00023837,29.49005699,4.137239591,0.091454595,2.936910118,1.200329473,0.057240127,48.55675877,0.550100935,70.26129678,881.0829513,0.017537681,0,1748.497798,787.5058594,0.197274726,-9999
SHAF,Plot01,SOTU,,10,Top,na,Shafter_SOTU_Plot1_L10T_GE,1,20150610,PSC0179,Yes,Yes,,34,16:11:48,7579.000004,0,23.58313575,0.132251262,875.4308728,34,34,0,0,676.0070801,1340.657593,1010.993225,-9999,0.495764553,0.245897513,-1,0.808204526,0.904793,9.982861519,0.817846819,0.014057939,0.49599656,1.98320052,-1,1998.535278,0.5,200.9592162,1.479920991,1.092507667,29.32884216,2,4.644859791,1,9.289719582,29.41471863,29.32884216,29.01417542,1199.745728,1182.872803,29.16470718,30.12068558,70.66761017,72.98400116,300.2881165,1998.535278,13.16883945,99.81285858,-20.04097557,0.416199327,0.333333343,-1.355140209,7.355140209,1,0,0.159999996,111115,1.501440582,0.001479921,302.4788422,302.5647186,319.7656374,1.019365021,4.098939397,41.06624593,10.94556035,29.3717804,4.109110012,0.130394921,3.00643173,1.102678282,0.081661598,87.3792579,0.740088766,72.7508035,1179.445656,0.014546597,0,1748.701243,664.6505127,0.245897513,-9999
SHAF,Plot01,SOTU,,10,Top,na,Shafter_SOTU_Plot1_L10T_GE,1,20150610,PSC0179,Yes,Yes,,35,16:14:23,7734.000004,0,32.05684409,0.14566544,1098.553943,35,35,0,0,664.0202637,1339.391602,993.2774658,-9999,0.504237399,0.258411457,-1,0.808204526,0.904793,9.955097198,0.817820002,0.018889668,0.512479752,2.01709447,-1,2000.046753,0.5,211.3389989,1.559894251,1.046729953,29.30589104,2,4.644859791,1,9.289719582,29.40896988,29.30589104,29.01564407,1500.652344,1477.763916,29.51957893,30.52690125,71.54662323,73.98807526,300.2565308,2000.046753,13.25615311,99.80646515,-27.19417381,0.410421968,0.333333343,-1.355140209,7.355140209,1,0,0.159999996,111115,1.501282654,0.001559894,302.455891,302.5589699,320.0074733,1.007089232,4.093512058,41.01449793,10.48759668,29.35743046,4.105708552,0.143416627,3.046782105,1.058926447,0.089834757,109.6427858,0.74338934,73.89033911,1473.105353,0.016079577,0,1749.996005,675.3713379,0.258411457,-9999
SHAF,Plot01,SOTU,,11,Top,na,Shafter_SOTU_Plot1_L11T_GE,1,20150610,PSC0179,Yes,Yes,,36,16:17:26,7917.000002,0,3.395726864,0.066386759,307.2530604,36,36,0,0,698.0993652,1285.364624,988.4736328,-9999,0.456886122,0.230978032,-1,0.856746914,0.914191302,9.955097198,0.862465559,0.002513409,0.505548365,1.841234483,-1,1998.805786,0.5,199.0916474,0.801870634,1.170211288,29.73628426,2,4.644859791,1,9.289719582,29.42882156,29.73628426,29.01555824,398.9094543,396.4362793,29.80243111,30.32026482,72.14875793,73.4023819,300.3117371,1998.805786,9.457747459,99.80543518,-4.79375267,-0.119899154,1,-1.355140209,7.355140209,1,0,0.159999996,111115,1.501558685,0.000801871,302.8862843,302.5788216,319.8089186,1.119858199,4.196338513,42.04519028,11.72492546,29.58255291,4.159354608,0.065915708,3.026127225,1.133227383,0.041239381,30.6655254,0.775037696,71.27192549,395.9428057,0.006112499,0,1748.910187,587.2652588,0.230978032,-9999
SHAF,Plot01,SOTU,,11,Top,na,Shafter_SOTU_Plot1_L11T_GE,1,20150610,PSC0179,Yes,Yes,,37,16:19:06,8017.000004,0,0.633140927,0.097471548,234.4218602,37,37,0,0,695.3911133,1200.690308,964.2713623,-9999,0.420840571,0.196902518,-1,0.856746914,0.914191302,9.927487373,0.862449698,0.000933982,0.467879126,1.726640282,-1,1998.457642,0.5,169.687557,1.119745179,1.116705237,29.61947632,2,4.644859791,1,9.289719582,29.42016411,29.61947632,29.01706696,250.0024109,249.3946533,29.85086632,30.57393456,72.30357361,74.05495453,300.2510986,1998.457642,9.528612137,99.80744171,-2.307302475,0.106480241,0,-1.355140209,7.355140209,1,0,0.159999996,111115,1.501255493,0.001119745,302.7694763,302.5701641,319.7532155,1.068946065,4.168211428,41.7625315,11.18859694,29.51982021,4.144344522,0.096459456,3.051506191,1.092838331,0.06037728,23.39704615,0.939963456,72.49228469,249.3026441,0.001841049,0,1748.57798,505.2991943,0.196902518,-9999
SHAF,Plot01,SOTU,,11,Top,na,Shafter_SOTU_Plot1_L11T_GE,1,20150610,PSC0179,Yes,Yes,,38,16:21:27,8158.500004,0,-0.235696348,0.112521759,150.677526,38,38,0,0,695.2836914,1128.537109,958.6447144,-9999,0.383907108,0.150542143,-1,0.856746914,0.914191302,9.927487373,0.862449698,0.000436994,0.39213169,1.623131857,-1,1998.94458,0.5,129.7665107,1.253224524,1.084368718,29.5526638,2,4.644859791,1,9.289719582,29.42369843,29.5526638,29.01604462,149.9663391,149.9981232,29.92885208,30.73799324,72.47645569,74.4358902,300.2449951,1998.94458,9.342716217,99.80574799,-1.872594833,0.160950303,0.333333343,-1.355140209,7.355140209,1,0,0.159999996,111115,1.501224976,0.001253225,302.7026638,302.5736984,319.8311257,1.049165036,4.152197125,41.6027855,10.86479226,29.48818111,4.136792147,0.11117515,3.067828407,1.06896374,0.069604211,15.03848319,1.004529409,73.22866906,150.032375,-0.0011504,0,1749.004033,433.253418,0.150542143,-9999
SHAF,Plot01,SOTU,,11,Top,na,Shafter_SOTU_Plot1_L11T_GE,1,20150610,PSC0179,Yes,Yes,,39,16:22:55,8246.500004,0,-2.509156552,0.114338931,110.6668661,39,39,0,0,694.3544922,1106.619263,956.3226318,-9999,0.372544365,0.135816026,-1,0.856746914,0.914191302,9.927487373,0.862449698,-0.000863223,0.364563362,1.593738177,-1,1998.117798,0.5,117.0242555,1.278546092,1.088843721,29.60797501,2,4.644859791,1,9.289719582,29.42660713,29.60797501,29.01588631,75.27436066,76.88040161,29.99880219,30.82427597,72.63761139,74.63637543,300.2241516,1998.117798,9.419591904,99.81117249,-0.516126633,0.210686326,0.333333343,-1.355140209,7.355140209,1,0,0.159999996,111115,1.501120758,0.001278546,302.757975,302.5766071,319.6988405,1.041656641,4.165450847,41.73331244,10.90903647,29.51729107,4.143740364,0.112948745,3.076607126,1.067133238,0.070716563,11.04578967,1.439467847,73.20588583,77.24503709,-0.023779525,0,1748.280629,412.2647705,0.135816026,-9999
SHAF,Plot01,SOTU,,11,Top,na,Shafter_SOTU_Plot1_L11T_GE,1,20150610,PSC0179,Yes,Yes,,40,16:24:53,8364.000004,0,8.897564821,0.126028048,273.7504775,40,40,0,0,670.0244141,1146.108276,936.0140991,-9999,0.415391697,0.183310933,-1,0.856746914,0.914191302,9.927487373,0.862449698,0.005659794,0.441296574,1.710547037,-1,1998.654419,0.5,157.9900929,1.406331692,1.087759296,29.64216614,2,4.644859791,1,9.289719582,29.43455315,29.64216614,29.01883316,400.3494873,394.0532532,30.0116806,30.91953659,72.63049316,74.82757568,300.2345276,1998.654419,9.316044807,99.80430603,-8.412549973,0.26542151,0.333333343,-1.355140209,7.355140209,1,0,0.159999996,111115,1.501172638,0.001406332,302.7921661,302.5845531,319.7846999,1.018251775,4.173662188,41.81845808,10.89892149,29.53835964,4.148775538,0.124341185,3.085902892,1.062872646,0.077863055,27.32147644,0.69470427,73.31590122,392.7602419,0.016608936,0,1748.750153,476.0838623,0.183310933,-9999
SHAF,Plot02,SOTU,,12,Top,na,Shafter_SOTU_Plot2_L12T_GE,1,20150610,PSC0179,Yes,Yes,,41,16:33:13,8864.000003,0,14.25213409,0.06139598,503.7352335,41,41,0,0,702.8649902,1279.543701,1043.267944,-9999,0.450690907,0.184656262,-1,0.817500106,0.900881127,9.955097198,0.825800768,0.008721546,0.409718189,1.82046868,-1,1998.666016,0.5,152.3875737,0.671444787,1.059757769,29.17939568,2,4.644859791,1,9.289719582,29.58447838,29.17939568,29.02318382,899.402771,889.5110474,29.66580963,30.09962082,71.1728363,72.21361542,300.2387085,1998.666016,4.712617874,99.80038452,-14.81574821,-0.20843637,1,-1.355140209,7.355140209,1,0,0.159999996,111115,1.501193542,0.000671445,302.3293957,302.7344784,319.7865554,1.176959211,4.063711501,40.71839522,10.61877441,29.38193703,4.11151899,0.060992876,3.003953732,1.107565258,0.03815656,50.27297,0.566305764,73.14162584,887.4398997,0.011746421,0,1748.787891,576.6787109,0.184656262,-9999
SHAF,Plot02,SOTU,,12,Top,na,Shafter_SOTU_Plot2_L12T_GE,1,20150610,PSC0179,Yes,Yes,,42,16:35:50,9021.000004,0,15.98386908,0.120122402,954.4687643,42,42,0,0,657.3757324,1198.701416,933.1263428,-9999,0.45159343,0.221552315,-1,0.817500106,0.900881127,9.845568657,0.825709442,0.009697196,0.49060128,1.823464659,-1,2001.800171,0.5,183.1024977,1.317691109,1.06968361,29.16495705,2,4.644859791,1,9.289719582,29.62473106,29.16495705,29.02167702,1200.433105,1188.743408,29.11663246,29.96800423,69.68929291,71.72701263,300.2689514,2001.800171,4.660743713,99.79438019,-17.3544445,0.204407334,0.333333343,-1.355140209,7.355140209,1,0,0.159999996,111115,1.501344757,0.001317691,302.314957,302.7747311,320.2880202,1.067872875,4.060322017,40.68688046,10.71887623,29.39484406,4.11458209,0.118588966,2.990638407,1.123943683,0.074254365,95.25061875,0.802922445,73.03904862,1186.420601,0.009840073,0,1751.420579,541.3256836,0.221552315,-9999
SHAF,Plot02,SOTU,,12,Top,na,Shafter_SOTU_Plot2_L12T_GE,1,20150610,PSC0179,Yes,Yes,,43,16:38:31,9182.000004,0,21.66366764,0.135554488,1200.976364,43,43,0,0,648.8701172,1214.615356,912.850708,-9999,0.465781398,0.248444618,-1,0.817500106,0.900881127,9.872724533,0.825732085,0.012952544,0.533393173,1.871892886,-1,1999.855591,0.5,205.1338798,1.521517264,1.096521782,29.16107941,2,4.644859791,1,9.289719582,29.66057587,29.16107941,29.01778984,1500.222534,1484.289185,28.70582008,29.68914413,68.56621552,70.91496277,300.2763367,1999.855591,4.371473312,99.79709625,-22.46638298,0.355024934,0.333333343,-1.355140209,7.355140209,1,0,0.159999996,111115,1.501381683,0.001521517,302.3110794,302.8105759,319.9768874,1.032667013,4.059412157,40.67665603,10.9875119,29.41082764,4.118378076,0.133604941,2.962890375,1.155487701,0.083676081,119.8539538,0.809125591,72.40580428,1481.140979,0.010590317,0,1749.746376,565.7452393,0.248444618,-9999
SHAF,Plot04,SOTU,,13,Top,na,Shafter_SOTU_Plot4_L13T_GE,1,20150610,PSC0179,Yes,Yes,,44,16:43:13,9464.500004,0,23.13768744,0.070430189,342.9220388,44,44,0,0,640.5891113,1266.197388,976.6063232,-9999,0.494084321,0.228709258,-1,0.812067551,0.908996991,9.927487373,0.821690209,0.013802971,0.462895194,1.976613972,-1,1998.632813,0.5,187.7996912,0.934357945,1.286881616,29.59181213,2,4.644859791,1,9.289719582,29.67482185,29.59181213,29.01823997,901.0482788,885.0830078,28.20258904,28.807127,67.30486298,68.74758148,300.210022,1998.632813,498.0192261,99.79101563,-17.13953972,-0.025660872,0,-1.355140209,7.355140209,1,0,0.159999996,111115,1.50105011,0.000934358,302.7418121,302.8248219,319.7812429,1.115142145,4.161574076,41.70289329,12.89576629,29.63331699,4.171535626,0.069900239,2.87469246,1.296843165,0.043734955,34.22053853,0.387446189,68.1882001,881.7205944,0.017893619,0,1748.731248,625.6082764,0.228709258,-9999
SHAF,Plot04,SOTU,,13,Top,na,Shafter_SOTU_Plot4_L13T_GE,1,20150610,PSC0179,Yes,Yes,,45,16:44:26,9537.500004,0,17.00891532,0.121438681,646.4688194,45,45,0,0,608.6252441,1134.277588,837.3443604,-9999,0.463424782,0.261781799,-1,0.812067551,0.908996991,9.900030136,0.821663595,0.010297384,0.564885197,1.863671609,-1,1998.837036,0.5,214.9714993,1.535995443,1.233597307,29.47925568,2,4.644859791,1,9.289719582,29.69534683,29.47925568,29.01802063,901.0518188,888.7846069,28.07607651,29.07175064,66.92305756,69.29637909,299.5641479,1998.837036,490.8924866,99.78987885,-12.87428093,0.360935807,0.333333343,-1.355140209,7.355140209,1,0,0.159999996,111115,1.49782074,0.001535995,302.6292557,302.8453468,319.8139186,1.015840029,4.134663781,41.43369878,12.36194814,29.58730125,4.160492674,0.119871674,2.901066474,1.2594262,0.075059024,64.51104517,0.727362754,69.47334771,886.3128385,0.013332384,0,1748.882495,525.6523438,0.261781799,-9999
SHAF,Plot04,SOTU,,13,Top,na,Shafter_SOTU_Plot4_L13T_GE,1,20150610,PSC0179,Yes,Yes,,46,16:46:43,9674.500004,0,21.19329825,0.153210494,938.7280518,46,46,0,0,592.1191406,1158.679077,806.8239136,-9999,0.488970542,0.303669213,-1,0.812067551,0.908996991,9.872724533,0.821637128,0.012697904,0.621037848,1.956834356,-1,1997.62207,0.5,249.2092463,1.899844873,1.213405089,29.44307327,2,4.644859791,1,9.289719582,29.73293304,29.44307327,29.01566124,1200.158691,1184.53894,27.96026611,29.18911934,66.49980927,69.42247009,300.1806946,1997.62207,483.9808044,99.78514099,-16.79456902,0.595986009,0.333333343,-1.355140209,7.355140209,1,0,0.159999996,111115,1.500903473,0.001899845,302.5930733,302.882933,319.6195241,0.9545927,4.126045478,41.34929747,12.16017813,29.58800316,4.160660927,0.150724671,2.912640389,1.248020538,0.094423145,93.671111,0.792483911,70.01103398,1181.459089,0.012558748,0,1747.792187,566.5599365,0.303669213,-9999
SHAF,Plot04,SOTU,,13,Top,na,Shafter_SOTU_Plot4_L13T_GE,1,20150610,PSC0179,Yes,Yes,,47,16:49:11,9821.500003,0,28.72173845,0.163881625,1166.876169,47,47,0,0,584.918457,1174.032593,800.7811279,-9999,0.501786866,0.317922575,-1,0.812067551,0.908996991,9.845568657,0.821610806,0.016992199,0.633580901,2.0071731,-1,1999.193848,0.5,261.103336,2.014391516,1.204058554,29.43696785,2,4.644859791,1,9.289719582,29.76999092,29.43696785,29.0158577,1499.046631,1477.926636,27.96656418,29.26940918,66.37041473,69.46233368,300.1786804,1999.193848,478.6774902,99.78111267,-22.53236198,0.684967637,0.333333343,-1.355140209,7.355140209,1,0,0.159999996,111115,1.500893402,0.002014392,302.5869678,302.9199909,319.8710085,0.937508867,4.124592769,41.33640785,12.06699867,29.60347939,4.164372227,0.161040677,2.920534215,1.243838012,0.100901866,116.4322025,0.789535922,70.2641136,1473.752737,0.013693664,0,1749.140248,589.1141357,0.317922575,-9999
SHAF,Plot04,SOTU,,14,Top,na,Shafter_SOTU_Plot4_L14T_GE,1,20150610,PSC0179,Yes,Yes,,48,16:54:28,10138.5,0,2.536146489,0.112593295,353.3891331,48,48,0,0,652.7197266,1154.491333,910.5012207,-9999,0.434625702,0.211339925,-1,0.828674675,0.90142609,10.04329014,0.83598131,0.002019896,0.486257311,1.768739761,-1,2000.702515,0.5,176.7382867,1.554228454,1.344427922,29.82211494,2,4.644859791,1,9.289719582,29.6905365,29.82211494,29.01259613,400.2906494,398.1888123,27.78652382,28.79211998,66.24018097,68.63742065,300.2157288,2000.702515,1.989749312,99.77326202,-4.505872726,0.372032762,0.333333343,-1.355140209,7.355140209,1,0,0.159999996,111115,1.501078644,0.001554228,302.9721149,302.8405365,320.1123952,0.997069474,4.217111653,42.26695176,13.47483178,29.75632572,4.201181043,0.111244983,2.872683731,1.328497312,0.069648008,35.25878657,0.887491366,67.3411117,397.8202545,0.004293068,0,1750.658006,501.7716064,0.211339925,-9999
SHAF,Plot04,SOTU,,14,Top,na,Shafter_SOTU_Plot4_L14T_GE,1,20150610,PSC0179,Yes,Yes,,49,16:56:36,10267,0,0.184381781,0.130264237,241.6451465,49,49,0,0,639.2346191,1065.797485,869.4575195,-9999,0.400228817,0.18421883,-1,0.828674675,0.90142609,10.04329014,0.83598131,0.000676798,0.460283774,1.667302511,-1,1999.925781,0.5,153.997784,1.739570911,1.303248836,29.67130852,2,4.644859791,1,9.289719582,29.67836952,29.67130852,29.01291084,249.6558075,249.2443542,27.7155323,28.84037781,66.11550903,68.79883575,300.3792114,1999.925781,2.166763783,99.77065277,-2.84794426,0.503283143,0.333333343,-1.355140209,7.355140209,1,0,0.159999996,111115,1.501896057,0.001739571,302.8213085,302.8283695,319.9881178,0.970665751,4.180672156,41.90282452,13.06244672,29.67483902,4.181522087,0.128462878,2.87742332,1.304098766,0.08044922,24.10909401,0.969511014,68.13061828,249.2175595,0.000504059,0,1749.978347,426.5628662,0.18421883,-9999
SHAF,Plot04,SOTU,,14,Top,na,Shafter_SOTU_Plot4_L14T_GE,1,20150610,PSC0179,Yes,Yes,,50,16:58:09,10360.5,0,-1.797314129,0.136434858,168.6861326,50,50,0,0,638.996582,1020.975952,863.9042358,-9999,0.374131604,0.153844678,-1,0.828674675,0.90142609,10.07092953,0.836001418,-0.000455758,0.411204711,1.59777999,-1,1999.26123,0.5,128.5668606,1.809546732,1.295274139,29.6265316,2,4.644859791,1,9.289719582,29.66904259,29.6265316,29.01308823,149.7606812,150.7758636,27.64262199,28.81291771,65.97581482,68.76900482,300.3357849,1999.26123,2.110354185,99.7688446,-1.030134201,0.517489076,0.333333343,-1.355140209,7.355140209,1,0,0.159999996,111115,1.501678925,0.001809547,302.7765316,302.8190426,319.8817897,0.959644783,4.169905649,41.79566943,12.98275172,29.64778709,4.175013466,0.13446009,2.87463151,1.300381957,0.084212773,16.82962056,1.118787375,68.26685075,151.0370528,-0.008123634,0,1749.42448,381.9793701,0.153844678,-9999
SHAF,Plot04,SOTU,,14,Top,na,Shafter_SOTU_Plot4_L14T_GE,1,20150610,PSC0179,Yes,Yes,,51,17:00:08,10479,0,-1.868132314,0.137838847,96.50483446,51,51,0,0,639.4692383,999.5877686,862.3872681,-9999,0.360267044,0.137257082,-1,0.828674675,0.90142609,9.900030136,0.835877087,-0.000496301,0.380987061,1.563152234,-1,1999.206421,0.5,114.6845263,1.821145873,1.29041018,29.6130085,2,4.644859791,1,9.289719582,29.67074013,29.6130085,29.01159859,75.24349976,76.39522552,27.6529789,28.83110619,65.98954773,68.80096436,300.2460327,1999.206421,2.177680969,99.76199341,-0.845754623,0.529430985,0.666666687,-1.355140209,7.355140209,1,0,0.159999996,111115,1.501230164,0.001821146,302.7630085,302.8207401,319.8730202,0.958301757,4.166658806,41.76599387,12.93488769,29.64187431,4.173592044,0.135823527,2.876248625,1.297343418,0.085068497,9.627514659,1.263231227,68.36627882,76.66670612,-0.016658764,0,1749.205688,360.1185303,0.137257082,-9999
SHAF,Plot04,SOTU,,14,Top,na,Shafter_SOTU_Plot4_L14T_GE,1,20150610,PSC0179,Yes,Yes,,52,17:02:18,10609,0,8.030699032,0.140405039,294.1146138,52,52,0,0,621.9328613,993.2247925,843.6671143,-9999,0.373824671,0.150577875,-1,0.828674675,0.90142609,9.900030136,0.835877087,0.005163347,0.40280347,1.596996805,-1,1998.972534,0.5,125.7999343,1.85443859,1.290242914,29.62736893,2,4.644859791,1,9.289719582,29.66571236,29.62736893,29.01148033,400.0169678,394.1803894,27.66865158,28.86832047,66.04383087,68.90738678,300.2335205,1998.972534,2.131285667,99.75862122,-7.983175278,0.572409272,0.666666687,-1.355140209,7.355140209,1,0,0.159999996,111115,1.501167603,0.001854439,302.7773689,302.8157124,319.8355983,0.951364666,4.17010676,41.80196868,12.93364822,29.64654064,4.174713786,0.13831455,2.879863846,1.29484994,0.086632012,29.34046835,0.746142177,68.40393309,393.0133527,0.013977423,0,1749.001049,371.2919312,0.150577875,-9999
SHAF,Plot04,SOTU,,15,Top,na,Shafter_SOTU_Plot4_L15T_GE,1,20150610,PSC0179,Yes,Yes,,53,17:09:51,11062,0,16.01971432,0.057302654,411.2353656,53,53,0,0,663.1115723,1146.069824,911.4362793,-9999,0.421403864,0.204728839,-1,0.844430579,0.916687579,9.900030136,0.851584044,0.009732244,0.485825729,1.728321254,-1,1998.73877,0.5,174.233869,1.528805704,2.565664246,34.37386703,2,4.644859791,1,9.289719582,34.15472412,34.37386703,34.07734299,900.3684082,888.7928467,27.9817028,28.9705162,51.79067612,53.62084579,300.2619934,1998.73877,4.330766678,99.7492218,-15.49538231,0.286287904,0.666666687,-1.355140209,7.355140209,1,0,0.159999996,111115,1.501309967,0.001528806,307.523867,307.3047241,319.798196,0.993458477,5.455450692,54.69166169,25.72114548,34.26429558,5.422285896,0.056951355,2.889786447,2.53249945,0.035625993,41.0204077,0.462689779,51.2183551,886.4648308,0.009255905,0,1748.796517,482.958252,0.204728839,-9999
SHAF,Plot04,SOTU,,15,Top,na,Shafter_SOTU_Plot4_L15T_GE,1,20150610,PSC0179,Yes,Yes,,54,17:12:36,11227.5,0,20.31381744,0.071506704,686.874792,54,54,0,0,644.0683594,1134.69104,872.3411255,-9999,0.432384379,0.231208237,-1,0.844430579,0.916687579,9.872724533,0.851564313,0.012178216,0.534728468,1.761755602,-1,2000.327515,0.5,196.9209253,1.89417412,2.551094933,34.35160828,2,4.644859791,1,9.289719582,34.24455643,34.35160828,34.07455826,1199.346436,1184.317749,27.82521439,29.05054665,51.24106979,53.49755859,300.1875305,2000.327515,4.215649128,99.7435379,-19.91506004,0.52433455,0,-1.355140209,7.355140209,1,0,0.159999996,111115,1.500937653,0.001894174,307.5016083,307.3945564,320.0523952,0.935939839,5.448699233,54.62709011,25.57654347,34.29808235,5.432493642,0.070960492,2.8976043,2.534889342,0.04439906,68.51132185,0.579975089,51.50856084,1181.365706,0.008856999,0,1750.159279,490.6226807,0.231208237,-9999
SHAF,Plot04,SOTU,,15,Top,na,Shafter_SOTU_Plot4_L15T_GE,1,20150610,PSC0179,Yes,Yes,,55,17:15:15,11386,0,28.06879915,0.084741034,893.5392495,55,55,0,0,636.2077637,1154.022217,863.7770996,-9999,0.448704059,0.251507391,-1,0.844430579,0.916687579,9.872724533,0.851564313,0.016600058,0.560519536,1.813907787,-1,2001.432861,0.5,214.3281603,2.285021047,2.600004734,34.50445175,2,4.644859791,1,9.289719582,34.28347778,34.50445175,34.07372665,1500.168823,1479.231934,27.54867363,29.02575684,50.62321854,53.33749008,300.4159241,2001.432861,4.12608099,99.74593353,-27.15151024,0.752359986,0,-1.355140209,7.355140209,1,0,0.159999996,111115,1.50207962,0.002285021,307.6544518,307.4334778,320.2292507,0.862296106,5.495205946,55.09202984,26.066273,34.39396477,5.461552923,0.083975012,2.895201212,2.566351711,0.052552671,89.12690659,0.604056219,51.05507455,1475.152921,0.009714617,0,1751.126387,517.8144531,0.251507391,-9999
SHAF,Plot04,SOTU,,16,Top,na,Shafter_SOTU_Plot4_L16T_GE,1,20150610,PSC0179,Yes,Yes,,56,17:18:25,11576,0,2.527326466,0.045306702,292.4441519,56,56,0,0,617.3244629,1112.022827,847.6578979,-9999,0.444863498,0.237733365,-1,0.841164034,0.913901711,9.955097198,0.84840514,0.002016288,0.534396206,1.801358757,-1,1999.384033,0.5,201.6320908,1.270519743,2.693539674,34.53239441,2,4.644859791,1,9.289719582,34.24108887,34.53239441,34.0750351,399.6347046,397.614563,27.35212135,28.17464828,50.37897873,51.89396667,300.2268372,1999.384033,6.318762302,99.74235535,-3.889059067,0.153236985,1,-1.355140209,7.355140209,1,0,0.159999996,111115,1.501134186,0.00127052,307.6823944,307.3910889,319.9014382,1.035506743,5.503745455,55.17962189,27.00497361,34.38674164,5.459359097,0.04508681,2.810205781,2.649153316,0.02819893,29.16906852,0.735496582,49.17934639,397.247287,0.003128839,0,1749.41614,494.6983643,0.237733365,-9999
SHAF,Plot04,SOTU,,16,Top,na,Shafter_SOTU_Plot4_L16T_GE,1,20150610,PSC0179,Yes,Yes,,57,17:20:19,11690,0,0.752394779,0.047601741,213.1016836,57,57,0,0,611.0227051,1022.840393,820.6916504,-9999,0.402621651,0.197634689,-1,0.841164034,0.913901711,9.955097198,0.84840514,0.001002388,0.4908695,1.673980991,-1,1998.017212,0.5,167.5080545,1.31437925,2.6529663,34.4525528,2,4.644859791,1,9.289719582,34.22663498,34.4525528,34.07631683,249.4680786,248.7491608,27.48618507,28.33684349,50.66713715,52.23521042,300.2695007,1998.017212,6.500205517,99.74327087,-2.25758934,0.158964753,0.666666687,-1.355140209,7.355140209,1,0,0.159999996,111115,1.501347504,0.001314379,307.6025528,307.376635,319.6827468,1.030246195,5.479375756,54.93479117,26.59794768,34.33959389,5.445058085,0.047359067,2.826409456,2.618648629,0.029621125,21.25545895,0.856693076,49.7367721,248.6398213,0.001505056,0,1748.220202,411.817688,0.197634689,-9999
SHAF,Plot04,SOTU,,16,Top,na,Shafter_SOTU_Plot4_L16T_GE,1,20150610,PSC0179,Yes,Yes,,58,17:22:03,11794,0,-0.447966681,0.047799421,158.0013552,58,58,0,0,608.0754395,987.3603516,813.5928345,-9999,0.384140311,0.175991994,-1,0.841164034,0.913901711,9.927487373,0.848385057,0.000315677,0.458145082,1.623746475,-1,1998.628906,0.5,149.2066197,1.314973501,2.642564693,34.49382401,2,4.644859791,1,9.289719582,34.21500015,34.49382401,34.07481766,149.5759125,149.7431488,27.71834564,28.56925774,51.12471771,52.69417191,300.243866,1998.628906,5.435954571,99.7364502,-1.50166893,0.181341767,0.333333343,-1.355140209,7.355140209,1,0,0.159999996,111115,1.50121933,0.001314974,307.643824,307.3650002,319.7806179,1.027871043,5.491961044,55.06473344,26.4954757,34.35441208,5.449549274,0.047554733,2.849396351,2.600152923,0.029743595,15.75849429,1.055149143,50.04018487,149.8082482,-0.001496335,0,1748.72783,379.2849121,0.175991994,-9999
SHAF,Plot04,SOTU,,16,Top,na,Shafter_SOTU_Plot4_L16T_GE,1,20150610,PSC0179,Yes,Yes,,59,17:23:19,11870.5,0,-1.677699508,0.050611074,124.7978302,59,59,0,0,606.8684082,948.9257202,811.0814209,-9999,0.360467953,0.145263529,-1,0.841164034,0.913901711,9.900030136,0.848365086,-0.000387255,0.402985975,1.5636433,-1,2000.123901,0.5,123.2441412,1.395493053,2.648828424,34.56087875,2,4.644859791,1,9.289719582,34.20417786,34.56087875,34.07524109,74.91522217,75.96129608,27.81060028,28.71273041,51.32451248,52.98939133,300.4942627,2000.123901,5.23588562,99.73394775,-0.868558884,0.222551942,0.333333343,-1.355140209,7.355140209,1,0,0.159999996,111115,1.502471313,0.001395493,307.7108788,307.3541779,320.0198171,1.01077134,5.512462379,55.27167532,26.55894491,34.38252831,5.458079768,0.050336835,2.863633954,2.594445813,0.031485046,12.44658027,1.642913386,50.11390613,76.20510262,-0.011032867,0,1750.008438,342.057312,0.145263529,-9999
SHAF,Plot04,SOTU,,16,Top,na,Shafter_SOTU_Plot4_L16T_GE,1,20150610,PSC0179,Yes,Yes,,60,17:25:24,11994.5,0,4.578233464,0.054134426,247.0215351,60,60,0,0,590.7783203,999.1489258,794.7946167,-9999,0.408718455,0.204528378,-1,0.841164034,0.913901711,9.927487373,0.848385057,0.003187259,0.500413855,1.691241692,-1,2000.273193,0.5,173.5425217,1.520090056,2.69755244,34.76922226,2,4.644859791,1,9.289719582,34.19229889,34.76922226,34.07600784,401.0142822,397.563385,27.88294792,28.86590767,51.49429321,53.30962753,300.3604736,2000.273193,5.049517155,99.73821259,-4.807584763,0.30820334,0.333333343,-1.355140209,7.355140209,1,0,0.159999996,111115,1.501802368,0.00152009,307.9192223,307.3422989,320.0437038,0.977890954,5.576586476,55.91223595,27.04632828,34.48076057,5.487974752,0.053820793,2.879034036,2.608940716,0.033666034,24.63748638,0.621338746,49.77858768,396.8980673,0.005741978,0,1750.166522,408.3706055,0.204528378,-9999
SHAF,Plot03,SOTU,,17,Top,na,Shafter_SOTU_Plot3_L17T_GE,1,20150610,PSC0179,Yes,Yes,,61,17:29:44,12255,0,15.4484677,0.053629034,396.529387,61,61,0,0,618.8757324,1176.031128,818.3201294,-9999,0.473759055,0.304167968,-1,0.845032673,0.918527608,10.07092953,0.852434296,0.009395929,0.642030933,1.900270226,-1,2000.598999,0.5,259.3608628,1.526362133,2.734186574,34.7856102,2,4.644859791,1,9.289719582,34.16521072,34.7856102,34.07950592,900.3197021,889.1242676,27.56419945,28.5519886,50.97797012,52.80481339,300.2222595,2000.598999,8.811552048,99.72934723,-15.03359795,0.311556458,0.333333343,-1.355140209,7.355140209,1,0,0.159999996,111115,1.501111298,0.001526362,307.9356102,307.3152107,320.0958327,0.97482144,5.58165776,55.96805669,27.41606809,34.47541046,5.486342896,0.053321214,2.847471185,2.638871711,0.033353278,39.54561692,0.445977465,49.14690643,886.8792664,0.008560854,0,1750.595075,557.1553955,0.304167968,-9999
SHAF,Plot03,SOTU,,17,Top,na,Shafter_SOTU_Plot3_L17T_GE,1,20150610,PSC0179,Yes,Yes,,62,17:32:26,12417.5,0,19.68160179,0.064470475,653.1843608,62,62,0,0,609.4262695,1169.376221,801.1519775,-9999,0.478844996,0.314889457,-1,0.845032673,0.918527608,9.872724533,0.852288625,0.01182589,0.657602063,1.918814923,-1,1998.820801,0.5,268.2184676,1.792684648,2.674150259,34.69040298,2,4.644859791,1,9.289719582,34.17399597,34.69040298,34.07534409,1200.213257,1185.685059,27.70110321,28.86094284,51.2028656,53.34671402,300.2046204,1998.820801,8.710741997,99.72305298,-18.34402275,0.502951264,0,-1.355140209,7.355140209,1,0,0.159999996,111115,1.501023102,0.001792685,307.840403,307.323996,319.811321,0.932203276,5.552251591,55.6767109,26.81576806,34.43219948,5.47317843,0.064026134,2.878101332,2.595077099,0.040056019,65.13753862,0.550891956,50.05759401,1182.82489,0.008329328,0,1748.841,559.9499512,0.314889457,-9999
SHAF,Plot03,SOTU,,17,Top,na,Shafter_SOTU_Plot3_L17T_GE,1,20150610,PSC0179,Yes,Yes,,63,17:35:00,12571,0,25.82854645,0.06842078,822.0086677,63,63,0,0,604.6047363,1172.126343,797.3533936,-9999,0.484181257,0.319737673,-1,0.845032673,0.918527608,9.845568657,0.852268667,0.015347798,0.66036772,1.938665499,-1,1997.934937,0.5,272.2210329,1.874588333,2.636041604,34.60066223,2,4.644859791,1,9.289719582,34.17320633,34.60066223,34.07711792,1499.653687,1480.598389,27.75570488,28.96833229,51.3025856,53.54395676,300.2215881,1997.934937,8.91804409,99.71632385,-24.34231377,0.561510682,0.333333343,-1.355140209,7.355140209,1,0,0.159999996,111115,1.501107941,0.001874588,307.7506622,307.3232063,319.6695827,0.921755155,5.524657208,55.40373927,26.43540698,34.38693428,5.459417597,0.067920531,2.888615604,2.570801993,0.042494995,81.96768252,0.555186791,50.54857516,1476.844934,0.008840442,0,1748.038798,567.5216064,0.319737673,-9999
SHAF,Plot01,SOTU,,18,Top,na,Shafter_SOTU_Plot1_L18T_GE,1,20150610,PSC0179,Yes,Yes,,64,17:41:50,12981,0,11.32447735,0.051954641,507.6441703,64,64,0,0,760.4663086,1429.395386,1124.934082,-9999,0.467980437,0.213000061,-1,0.84367897,0.909041903,9.988462448,0.850207722,0.007047529,0.45514736,1.879630129,-1,1998.602539,0.5,180.9677602,1.539559188,2.845208837,35.00714874,2,4.644859791,1,9.289719582,34.23675919,35.00714874,34.07665634,899.8469238,891.3884888,27.13890076,28.13567543,49.98192596,51.8176918,300.2168274,1998.602539,10.86120224,99.70967102,-11.69143486,0.322758317,0.333333343,-1.355140209,7.355140209,1,0,0.159999996,111115,1.501084137,0.001539559,308.1571487,307.3867592,319.7763991,0.963589013,5.650607778,56.67060898,28.53493355,34.62195396,5.531193392,0.05166569,2.805398941,2.725794451,0.032316893,50.61703322,0.569498234,47.71053957,889.7427938,0.006072507,0,1748.765692,668.9290771,0.213000061,-9999
SHAF,Plot01,SOTU,,18,Top,na,Shafter_SOTU_Plot1_L18T_GE,1,20150610,PSC0179,Yes,Yes,,65,17:44:22,13133.5,0,17.0061446,0.058242889,673.5893363,65,65,0,0,727.723877,1371.037354,1060.834961,-9999,0.469216593,0.226253786,-1,0.84367897,0.909041903,9.988462448,0.850207722,0.010293565,0.482194768,1.884007653,-1,1999.170044,0.5,192.2828901,1.692808107,2.793085458,34.86231613,2,4.644859791,1,9.289719582,34.25886154,34.86231613,34.0712738,1199.42981,1186.764526,27.10990906,28.20562553,49.86692429,51.8824234,300.2713623,1999.170044,10.96596527,99.70927429,-16.58450127,0.436710954,0.666666687,-1.355140209,7.355140209,1,0,0.159999996,111115,1.501356812,0.001692808,308.0123161,307.4088615,319.8671999,0.945491259,5.605447911,56.21791905,28.01229352,34.56058884,5.512373596,0.057880005,2.812362453,2.700011143,0.036207432,67.16310389,0.567584657,48.30005844,1184.293161,0.006935764,0,1749.262256,643.3134766,0.226253786,-9999
SHAF,Plot01,SOTU,,18,Top,na,Shafter_SOTU_Plot1_L18T_GE,1,20150610,PSC0179,Yes,Yes,,66,17:46:59,13290,0,23.91625356,0.067780048,861.8693423,66,66,0,0,709.776123,1405.974121,1036.4021,-9999,0.495171275,0.262858339,-1,0.84367897,0.909041903,9.934230804,0.850172275,0.014247309,0.530843269,1.980869848,-1,1998.748535,0.5,223.3350361,1.902139114,2.700750944,34.57167816,2,4.644859791,1,9.289719582,34.24559784,34.57167816,34.07180023,1500.73645,1482.929199,27.0021801,28.23326683,49.70370865,51.96980667,300.2933044,1998.748535,10.89411736,99.70576477,-22.71853447,0.568199754,0.666666687,-1.355140209,7.355140209,1,0,0.159999996,111115,1.501466522,0.001902139,307.7216782,307.3955978,319.7997585,0.922504178,5.515770405,55.32047638,27.08720955,34.408638,5.466011872,0.06728909,2.815019461,2.650992411,0.042099517,85.93334191,0.581193858,49.27121121,1479.453643,0.007964986,0,1748.83924,696.197998,0.262858339,-9999
SHAF,Plot01,SOTU,,19,Top,na,Shafter_SOTU_Plot1_L19T_GE,1,20150610,PSC0179,Yes,Yes,,67,17:57:11,13901.5,0,14.43129813,0.069438603,524.158214,67,67,0,0,635.0119629,1209.054077,864.1755371,-9999,0.474786137,0.28524658,-1,0.818888186,0.907385316,10.04329014,0.82777621,0.008817657,0.600789614,1.903986299,-1,2000.002197,0.5,236.1205919,1.887959856,2.617611655,34.33412933,2,4.644859791,1,9.289719582,34.19882584,34.33412933,34.07774734,900.4938354,889.7627563,27.12241745,28.34428024,50.04998398,52.30472565,300.2705383,2000.002197,4.610455513,99.69528198,-13.80123711,0.538094163,0.333333343,-1.355140209,7.355140209,1,0,0.159999996,111115,1.501352692,0.00188796,307.4841293,307.3488258,320.0003444,0.935425348,5.443402666,54.60040393,26.25612369,34.26647758,5.422944626,0.068923416,2.825791011,2.597153614,0.043123127,52.25610095,0.589098847,50.20383214,887.6655722,0.00816193,0,1750.045213,574.0421143,0.28524658,-9999
SHAF,Plot01,SOTU,,19,Top,na,Shafter_SOTU_Plot1_L19T_GE,1,20150610,PSC0179,Yes,Yes,,68,17:59:44,14055.5,0,19.64160922,0.07720766,734.5655955,68,68,0,0,629.5571289,1225.73584,858.3579712,-9999,0.486384335,0.299720263,-1,0.818888186,0.907385316,10.01580048,0.827751882,0.011798424,0.616221046,1.946981113,-1,1999.436279,0.5,248.0240842,2.08797621,2.605731866,34.30720139,2,4.644859791,1,9.289719582,34.21779633,34.30720139,34.07775497,1201.085815,1186.356567,27.03193092,28.38288879,49.82820892,52.31843948,300.3370361,1999.436279,4.617364407,99.69104004,-18.25326347,0.659094453,0.333333343,-1.355140209,7.355140209,1,0,0.159999996,111115,1.501685181,0.002087976,307.4572014,307.3677963,319.9097975,0.902259701,5.43525157,54.52096364,26.13807485,34.26249886,5.421743533,0.07657127,2.829519703,2.59222383,0.047913815,73.2296082,0.619177755,50.39772075,1183.502211,0.008364094,0,1749.52254,596.1787109,0.299720263,-9999
SHAF,Plot01,SOTU,,19,Top,na,Shafter_SOTU_Plot1_L19T_GE,1,20150610,PSC0179,Yes,Yes,,69,18:02:27,14218.5,0,25.26596785,0.080961425,925.1656845,69,69,0,0,632.2460938,1222.487915,864.3179321,-9999,0.482820169,0.292984477,-1,0.818888186,0.907385316,9.961273193,0.827703627,0.015022155,0.606819053,1.933563413,-1,1998.309326,0.5,242.2993168,2.188680276,2.605575935,34.31272507,2,4.644859791,1,9.289719582,34.23590469,34.31272507,34.0741539,1499.616089,1480.62854,26.98674393,28.40316391,49.69136429,52.29945755,300.2661438,1998.309326,4.63914299,99.6842041,-23.90707207,0.727964997,0.333333343,-1.355140209,7.355140209,1,0,0.159999996,111115,1.501330719,0.00218868,307.4627251,307.3859047,319.729485,0.884491862,5.436922724,54.54146695,26.13830304,34.27431488,5.425311212,0.08026193,2.831346788,2.593964424,0.050226086,92.22440492,0.624846583,50.43474282,1476.956841,0.008627758,0,1748.481966,590.2418213,0.292984477,-9999
SHAF,Plot01,SOTU,,20,Top,na,Shafter_SOTU_Plot1_L20T_GE,1,20150610,PSC0179,Yes,Yes,,71,18:06:59,14490,0,-0.091314182,0.086023322,240.0713936,71,71,0,0,845.5231934,1465.553345,1261.749878,-9999,0.423068975,0.139062469,-1,0.826783208,0.900860721,9.988462448,0.834182412,0.000519236,0.328699284,1.733309454,-1,2000.065308,0.5,116.0072539,2.321220412,2.602232133,34.25559616,2,4.644859791,1,9.289719582,34.34773254,34.25559616,34.07705307,249.3249664,249.0007782,26.76468849,28.26722336,48.97029114,51.71942139,300.2400818,2000.065308,523.8903198,99.67120361,-1.373121262,0.782324433,0,-1.355140209,7.355140209,1,0,0.159999996,111115,1.501200409,0.00232122,307.4055962,307.4977325,320.0104421,0.870792278,5.419660308,54.37538738,26.10816403,34.30166435,5.433576824,0.08523405,2.817428175,2.616148649,0.053341634,23.92820475,0.96413913,50.37530993,249.0140482,-0.000184728,0,1750.045606,620.0301514,0.139062469,-9999
SHAF,Plot01,SOTU,,20,Top,na,Shafter_SOTU_Plot1_L20T_GE,1,20150610,PSC0179,Yes,Yes,,72,18:08:43,14594,0,-0.912518575,0.090785996,159.4381818,72,72,0,0,847.2155762,1362.887939,1210.496826,-9999,0.378367398,0.111814852,-1,0.826783208,0.900860721,9.988462448,0.834182412,5.00E-05,0.295519256,1.608667236,-1,1999.702515,0.5,93.26010917,2.476813706,2.631755695,34.36349487,2,4.644859791,1,9.289719582,34.40105438,34.36349487,34.07653427,149.6721344,150.0323792,26.69655037,28.29940224,48.69944382,51.62334061,300.3049011,1999.702515,521.7148438,99.66811371,-0.592817307,0.891405702,0.333333343,-1.355140209,7.355140209,1,0,0.159999996,111115,1.501524506,0.002476814,307.5134949,307.5510544,319.9523952,0.840489774,5.452303735,54.7045944,26.40519217,34.38227463,5.45800275,0.089907355,2.82054804,2.63745471,0.056270382,15.89090283,1.062691818,50.12870141,150.1649881,-0.003046207,0,1749.728164,515.6723633,0.111814852,-9999
SHAF,Plot01,SOTU,,20,Top,na,Shafter_SOTU_Plot1_L20T_GE,1,20150610,PSC0179,Yes,Yes,,73,18:10:08,14679.5,0,-3.179096149,0.091116461,128.6256158,73,73,0,0,849.270752,1322.079468,1185.407227,-9999,0.357625035,0.103376722,-1,0.826783208,0.900860721,9.961273193,0.834162271,-0.001245715,0.289064555,1.556723182,-1,1999.214233,0.5,86.19908147,2.512495515,2.65984599,34.44594574,2,4.644859791,1,9.289719582,34.44186783,34.44594574,34.08050537,74.91481018,76.90401459,26.64174271,28.26826286,48.49054337,51.45096588,300.2079773,1999.214233,519.4341431,99.67069244,1.15458107,0.931084275,0.666666687,-1.355140209,7.355140209,1,0,0.159999996,111115,1.501039886,0.002512496,307.5959457,307.5918678,319.8742702,0.831806252,5.477363324,54.95460289,26.68634003,34.44390678,5.476742411,0.090231443,2.817517334,2.659225077,0.056473503,12.8202042,1.67254748,49.82303647,77.36600698,-0.020473103,0,1749.273743,472.8087158,0.103376722,-9999
SHAF,Plot01,SOTU,,20,Top,na,Shafter_SOTU_Plot1_L20T_GE,1,20150610,PSC0179,Yes,Yes,,74,18:12:31,14822,0,7.389337991,0.0971337,257.3732963,74,74,0,0,805.2727051,1286.258911,1140.768066,-9999,0.373941982,0.113111632,-1,0.826783208,0.900860721,9.961273193,0.834162271,0.00479997,0.302484443,1.59729605,-1,1997.518188,0.5,94.23637216,2.669520335,2.652675737,34.42813492,2,4.644859791,1,9.289719582,34.49579239,34.42813492,34.07832718,400.2675781,394.6451111,26.55921555,28.28668022,48.19415283,51.32879639,300.3255005,1997.518188,516.9595337,99.66761017,-6.402853012,1.027222276,0.666666687,-1.355140209,7.355140209,1,0,0.159999996,111115,1.501627502,0.00266952,307.5781349,307.6457924,319.602903,0.8067567,5.471941554,54.90190389,26.61522366,34.46196365,5.482243305,0.096128575,2.819265817,2.662977487,0.060169862,25.65178136,0.652163904,49.94172287,393.5712782,0.009376606,0,1747.789736,480.9862061,0.113111632,-9999
SHAF,Plot02,SOTU,,21,Top,na,Shafter_SOTU_Plot2_L21T_GE,1,20150610,PSC0179,Yes,Yes,,1,18:28:19,429.5000045,0,15.53363571,0.058449124,428.8132205,1,1,0,0,638.4562988,1144.899292,879.1624146,-9999,0.442347197,0.232105024,-1,0.822507336,0.911820605,10.15670395,0.83157862,0.009450279,0.524712319,1.793230475,-1,1999.294678,0.5,192.945507,1.782784753,2.925882587,35.40866852,2,4.644859791,1,9.289719582,34.46252823,35.40866852,34.07634735,900.0470581,888.6461792,27.46523857,28.61862946,49.91695404,52.01319885,300.2908936,1999.294678,594.0101318,99.64067078,-14.40938091,0.432983637,0,-1.355140209,7.355140209,1,0,0.159999996,111115,1.501454468,0.001782785,308.5586685,307.6125282,319.8871413,0.912248129,5.777462023,57.98296998,29.36434053,34.93559837,5.628258485,0.058083673,2.851579436,2.77667905,0.036334953,42.72723693,0.482546632,47.39579675,886.3888012,0.008305938,0,1749.539492,506.4429932,0.232105024,-9999
SHAF,Plot02,SOTU,,21,Top,na,Shafter_SOTU_Plot2_L21T_GE,1,20150610,PSC0179,Yes,Yes,,2,18:30:43,574.0000048,0,20.20141059,0.070981489,683.3076347,2,2,0,0,630.3015137,1123.41626,866.2506714,-9999,0.438942148,0.228913892,-1,0.822507336,0.911820605,9.961273193,0.831404074,0.0121182,0.521512671,1.782347393,-1,1999.53125,0.5,190.2753362,2.045509734,2.770632209,34.86201477,2,4.644859791,1,9.289719582,34.41831207,34.86201477,34.07812881,1200.071777,1185.002441,27.12742996,28.45105553,49.42156982,51.83298874,300.2832336,1999.53125,589.2109375,99.63504028,-19.38692093,0.628113031,0.333333343,-1.355140209,7.355140209,1,0,0.159999996,111115,1.501416168,0.00204551,308.0120148,307.5683121,319.9249928,0.891798951,5.605354272,56.25886492,27.80780939,34.64016342,5.536788704,0.070443242,2.834722064,2.70206664,0.04407507,68.08138371,0.576629727,48.77694498,1182.066733,0.008335935,0,1749.551126,493.1147461,0.228913892,-9999
SHAF,Plot02,SOTU,,21,Top,na,Shafter_SOTU_Plot2_L21T_GE,1,20150610,PSC0179,Yes,Yes,,3,18:33:21,732.0000045,0,24.60148402,0.076335426,907.257632,3,3,0,0,630.5002441,1130.955322,859.5647583,-9999,0.442506497,0.239965769,-1,0.822507336,0.911820605,9.934230804,0.831379922,0.014639024,0.542287562,1.793742878,-1,1998.762939,0.5,199.3793241,2.152740298,2.714022686,34.6346817,2,4.644859791,1,9.289719582,34.4396286,34.6346817,34.07885361,1499.303101,1480.791382,26.9215641,28.31500053,48.98693085,51.52245712,300.2340698,1998.762939,588.3629761,99.6320343,-24.18892288,0.700964212,0.666666687,-1.355140209,7.355140209,1,0,0.159999996,111115,1.501170349,0.00215274,307.7846817,307.5896286,319.8020632,0.885033531,5.535103791,55.55546295,27.24046242,34.53715515,5.505201527,0.075713275,2.821081104,2.684120422,0.047376303,90.39192351,0.612684301,49.23799876,1477.216247,0.008200071,0,1748.851844,500.4550781,0.239965769,-9999
SHAF,Plot02,SOTU,,22,Top,na,Shafter_SOTU_Plot2_L22T_GE,1,20150610,PSC0179,Yes,Yes,,4,18:41:56,1247.000003,0,8.025541386,0.038253577,503.9838406,4,4,0,0,810.0927734,1341.672363,1166.256226,-9999,0.396206708,0.130744392,-1,0.865275154,0.916259981,10.0746088,0.870411676,0.005160381,0.329990355,1.656195941,-1,1998.779541,0.5,113.7320005,1.770706499,4.397538357,39.47434616,2,4.644859791,1,9.289719582,38.80118561,39.47434616,38.95346069,899.1469727,892.7496338,27.06507111,28.21100616,38.78520584,40.42737198,300.3229675,1998.779541,292.3687134,99.62212372,-8.720844269,0.359127283,1,-1.355140209,7.355140209,1,0,0.159999996,111115,1.501614838,0.001770706,312.6243462,311.9511856,319.8047194,0.924457611,7.207978703,72.35319258,44.14218642,39.13776588,7.078897516,0.038096701,2.810440346,4.26845717,0.023824483,50.20794052,0.564529877,36.02403661,891.5833466,0.003242685,0,1749.006662,531.5795898,0.130744392,-9999
SHAF,Plot02,SOTU,,22,Top,na,Shafter_SOTU_Plot2_L22T_GE,1,20150610,PSC0179,Yes,Yes,,5,18:44:28,1399.000005,0,11.1964875,0.048407055,747.3555195,5,5,0,0,795.6901855,1312.012207,1128.268311,-9999,0.393534465,0.140047399,-1,0.865275154,0.916259981,10.04753876,0.870397874,0.006978785,0.355870733,1.648898316,-1,1997.262207,0.5,121.7300937,2.224714002,4.372575401,39.34745407,2,4.644859791,1,9.289719582,38.86432266,39.34745407,38.95066833,1199.878418,1190.656982,26.53060722,27.97089005,37.88996506,39.94691849,300.2864075,1997.262207,276.7793274,99.62148285,-11.76161575,0.683969736,0.333333343,-1.355140209,7.355140209,1,0,0.159999996,111115,1.501432037,0.002224714,312.4974541,312.0143227,319.561946,0.853976866,7.159076944,71.8627824,43.89189235,39.10588837,7.066776812,0.048156122,2.786501543,4.280275269,0.030120021,74.45266507,0.627683313,36.0469148,1189.029887,0.003394354,0,1747.651905,516.3220215,0.140047399,-9999
SHAF,Plot02,SOTU,,22,Top,na,Shafter_SOTU_Plot2_L22T_GE,1,20150610,PSC0179,Yes,Yes,,6,18:46:57,1548.500005,0,15.80674368,0.052461919,914.4924861,6,6,0,0,778.7387695,1277.227417,1100.658936,-9999,0.390289655,0.138243573,-1,0.865275154,0.916259981,9.993830681,0.870370491,0.009600673,0.354207628,1.640123064,-1,2000.669678,0.5,120.3634153,2.4075539,4.36810535,39.32999802,2,4.644859791,1,9.289719582,38.92282486,39.32999802,38.94586563,1500.427246,1487.514282,26.39097404,27.94965553,37.57039261,39.78934479,300.2875977,2000.669678,270.9119263,99.61721802,-16.04396439,0.820341349,0.666666687,-1.355140209,7.355140209,1,0,0.159999996,111115,1.501437988,0.002407554,312.479998,312.0728249,320.1071413,0.828090355,7.152372279,71.79855472,43.84889919,39.12641144,7.07457818,0.052167314,2.784266929,4.290311251,0.032630912,91.09919737,0.614778962,36.08303538,1485.217216,0.003840215,0,1750.579797,498.4886475,0.138243573,-9999
SHAF,Plot02,SOTU,,23,Top,na,Shafter_SOTU_Plot2_L23T_GE,1,20150610,PSC0179,Yes,Yes,,7,18:50:44,1775.000005,0,8.789262766,0.0414038,501.363953,7,7,0,0,845.3383789,1287.118408,1161.292114,-9999,0.343231848,0.097758134,-1,0.839617799,0.902859081,9.853978157,0.845849581,0.005600244,0.284816618,1.522607325,-1,1997.888428,0.5,82.60137522,1.887085392,4.335652383,39.1253624,2,4.644859791,1,9.289719582,38.95549393,39.1253624,38.94817734,900.3356323,893.3591919,26.2699337,27.49218369,37.33008194,39.06692123,300.2994995,1997.888428,361.928009,99.61110687,-9.038288116,0.525417566,0,-1.355140209,7.355140209,1,0,0.159999996,111115,1.501497498,0.001887085,312.2753624,312.1054939,319.6621413,0.929909107,7.07417923,71.01797633,43.52579264,39.04042816,7.041943465,0.041220084,2.738526847,4.303416617,0.025778996,49.94141831,0.561212061,35.82246164,892.0819192,0.003529418,0,1748.006507,441.7800293,0.097758134,-9999
SHAF,Plot02,SOTU,,23,Top,na,Shafter_SOTU_Plot2_L23T_GE,1,20150610,PSC0179,Yes,Yes,,8,18:53:57,1968.000005,0,13.85035857,0.067306267,785.3560839,8,8,0,0,775.8449707,1203.54895,1060.622925,-9999,0.355368994,0.118753812,-1,0.839617799,0.902859081,9.853978157,0.845849581,0.008489354,0.334170436,1.551275056,-1,1999.357666,0.5,100.4156013,3.011946195,4.266111094,39.1769371,2,4.644859791,1,9.289719582,39.00649643,39.1769371,38.94691467,1199.328247,1187.722656,26.4397049,28.38850212,37.46696091,40.22854614,300.3330994,1999.357666,360.1304016,99.60740662,-13.92744827,1.194833994,0,-1.355140209,7.355140209,1,0,0.159999996,111115,1.501665497,0.003011946,312.3269371,312.1564964,319.8972194,0.7338356,7.093816168,71.21775788,42.82925576,39.09171677,7.061394164,0.066822124,2.827705074,4.23368909,0.041807057,78.22728278,0.661228511,37.16474081,1185.709895,0.004341239,0,1749.291983,427.7039795,0.118753812,-9999
SHAF,Plot02,SOTU,,23,Top,na,Shafter_SOTU_Plot2_L23T_GE,1,20150610,PSC0179,Yes,Yes,,9,18:56:56,2147.500004,0,21.16687806,0.072299056,924.6431456,9,9,0,0,745.6989746,1165.81543,1007.519775,-9999,0.360362751,0.13578106,-1,0.839617799,0.902859081,9.827514648,0.845832845,0.012672988,0.376789941,1.563386124,-1,1999.218506,0.5,114.8032034,3.262072014,4.301536105,39.32128525,2,4.644859791,1,9.289719582,39.00666428,39.32128525,38.94700623,1501.026978,1483.703491,26.47869873,28.58948517,37.51881409,40.50967789,300.2493286,1999.218506,357.8722229,99.59926605,-21.16402054,1.37913537,1,-1.355140209,7.355140209,1,0,0.159999996,111115,1.501246643,0.003262072,312.4712852,312.1566643,319.8749538,0.682383513,7.149027844,71.77791692,43.18843175,39.16397476,7.088876348,0.071740719,2.84749174,4.241384608,0.044887781,92.09377866,0.623199414,37.14062345,1480.62748,0.00530958,0,1749.143775,420.1164551,0.13578106,-9999
SHAF,Plot02,SOTU,,24,Top,na,Shafter_SOTU_Plot2_L24T_GE,1,20150610,PSC0179,Yes,Yes,,10,19:02:35,2486.000004,0,1.071946484,0.049265628,336.3902558,10,10,0,0,747.076416,1050.112549,967.4642944,-9999,0.288574909,0.078704187,-1,0.832417051,0.907089084,10.04753876,0.839919753,0.001184848,0.272733993,1.405629366,-1,1998.462524,0.5,66.0543837,2.223236479,4.29492048,39.11235428,2,4.644859791,1,9.289719582,39.08955765,39.11235428,38.94782257,399.2984619,397.9951477,26.4170723,27.85660744,37.26249313,39.29302216,300.2781372,1998.462524,530.4335327,99.59265137,-1.968647003,0.64765954,0.666666687,-1.355140209,7.355140209,1,0,0.159999996,111115,1.501390686,0.002223236,312.2623543,312.2395576,319.7539968,0.879077761,7.069233873,70.98148082,43.12487338,39.10095596,7.064902986,0.049005738,2.774313393,4.290589594,0.03065183,33.50199746,0.845211952,36.42350442,397.8393704,0.000981402,0,1748.702211,303.0361328,0.078704187,-9999
SHAF,Plot02,SOTU,,24,Top,na,Shafter_SOTU_Plot2_L24T_GE,1,20150610,PSC0179,Yes,Yes,,11,19:04:22,2593.000005,0,-3.092092261,0.056699738,317.8120287,11,11,0,0,749.96875,1010.479004,951.7922363,-9999,0.257808676,0.058078166,-1,0.832417051,0.907089084,10.02061272,0.839899646,-0.001195262,0.225276229,1.347361479,-1,2000.34314,0.5,48.78820044,2.545490046,4.275849121,39.10054016,2,4.644859791,1,9.289719582,39.09656143,39.10054016,38.94283295,248.9884796,250.6230621,26.35531425,28.00326729,37.16106796,39.48469162,300.2765198,2000.34314,527.4681396,99.5918045,0.727779388,0.867897272,0.666666687,-1.355140209,7.355140209,1,0,0.159999996,111115,1.501382599,0.00254549,312.2505402,312.2465614,320.0548952,0.824833227,7.064745042,70.93701211,42.93374482,39.0985508,7.063989417,0.056355771,2.788895921,4.275093496,0.0352531,31.65147343,1.268087725,36.71257036,251.072411,-0.004521351,0,1750.320863,260.5102539,0.058078166,-9999
SHAF,Plot02,SOTU,,24,Top,na,Shafter_SOTU_Plot2_L24T_GE,1,20150610,PSC0179,Yes,Yes,,12,19:06:17,2708.500005,0,-3.136737178,0.063418967,218.0000942,12,12,0,0,747.0075684,983.0447388,936.5053711,-9999,0.240108269,0.047342065,-1,0.832417051,0.907089084,9.993830681,0.839879648,-0.001221615,0.197169656,1.315976946,-1,1998.987915,0.5,39.74151559,2.848815466,4.281518933,39.09092331,2,4.644859791,1,9.289719582,39.14840698,39.09092331,38.94412994,149.9650574,151.7663879,26.06638718,27.91095924,36.64968491,39.24317932,300.2650146,1998.987915,523.1793213,99.58718872,0.722698212,1.022730112,0.666666687,-1.355140209,7.355140209,1,0,0.159999996,111115,1.501325073,0.002848815,312.2409233,312.298407,319.8380593,0.774067628,7.061092899,70.90362716,42.99266791,39.11966515,7.07201291,0.062988955,2.779573966,4.292438945,0.039406506,21.71001652,1.436418809,36.64561162,152.2222246,-0.007551306,0,1749.108259,236.0371704,0.047342065,-9999
SHAF,Plot02,SOTU,,24,Top,na,Shafter_SOTU_Plot2_L24T_GE,1,20150610,PSC0179,Yes,Yes,,13,19:08:20,2831.000002,0,-4.18435744,0.066490036,169.7320832,13,13,0,0,742.777832,957.0097656,918.8449097,-9999,0.223855536,0.039879275,-1,0.832417051,0.907089084,9.993830681,0.839879648,-0.001821113,0.178147372,1.288419934,-1,1998.381836,0.5,33.46669251,3.001819496,4.305490096,39.0704689,2,4.644859791,1,9.289719582,39.17181778,39.0704689,38.94524765,74.77192688,77.40429688,25.64748383,27.59178162,36.01604843,38.74637222,300.2620239,1998.381836,520.7700195,99.58908844,1.364048004,1.178682566,1,-1.355140209,7.355140209,1,0,0.159999996,111115,1.50131012,0.003001819,312.2204689,312.3218178,319.7410866,0.749185446,7.053330475,70.82433011,43.2325485,39.12114334,7.072574923,0.066017524,2.74784038,4.324734544,0.041303146,16.90346344,2.192799237,36.25508742,78.01237578,-0.019446177,0,1748.577942,214.2319336,0.039879275,-9999
SHAF,Plot02,SOTU,,24,Top,na,Shafter_SOTU_Plot2_L24T_GE,1,20150610,PSC0179,Yes,Yes,,14,19:10:28,2959.000005,0,4.496085071,0.073903312,273.4615485,14,14,0,0,717.7023926,924.1200562,888.0674438,-9999,0.223366718,0.03901291,-1,0.832417051,0.907089084,9.993830681,0.839879648,0.003141085,0.174658562,1.287608995,-1,1999.711304,0.5,32.76141913,3.344177213,4.319294154,39.05396652,2,4.644859791,1,9.289719582,39.18987656,39.05396652,38.94569016,399.7341614,395.8592834,25.22547531,27.39103127,35.38818359,38.42618561,300.3918457,1999.711304,517.8942261,99.58657837,-5.489315033,1.402225733,0.333333343,-1.355140209,7.355140209,1,0,0.159999996,111115,1.501959229,0.003344177,312.2039665,312.3398766,319.9538014,0.691890767,7.047073236,70.76328308,43.37225181,39.12192154,7.072870811,0.073320023,2.727779082,4.34509173,0.045877065,27.23309993,0.69080494,36.05340763,395.2059037,0.004101639,0,1749.741222,206.4176636,0.03901291,-9999
SHAF,Plot02,SOTU,,24,Top,na,Shafter_SOTU_Plot2_L24T_GE,1,20150610,PSC0179,Yes,Yes,,15,19:14:49,3219.500005,0,25.58537884,0.050760924,22.55428761,15,15,0,0,632.479248,1273.234863,851.9849854,-9999,0.503250134,0.330850097,-1,0.832417051,0.907089084,10.04753876,0.839919753,0.015185804,0.657426744,2.013085595,-1,2000.714966,0.5,277.9868716,3.398814551,6.313216586,43.59949875,2,4.644859791,1,9.289719582,39.05677414,43.59949875,38.94403458,900.4755249,881.4360962,24.41269875,26.61656189,34.49228287,37.60608673,300.2318726,2000.714966,157.595108,99.58193207,-22.43889999,1.508028269,0.666666687,-1.355140209,7.355140209,1,0,0.159999996,111115,1.501159363,0.003398815,316.7494987,312.2067741,320.1143874,0.433140604,8.963745244,90.01377115,63.39720926,41.32813644,7.956132296,0.050485063,2.650528658,5.305603638,0.031577833,2.245999536,0.025588114,25.6143788,877.7179795,0.007466562,0,1750.673151,640.7556152,0.330850097,-9999
SHAF,Plot04,SOTU,,25,Top,na,Shafter_SOTU_Plot4_L25T_GE,1,20150610,PSC0179,Yes,Yes,,16,19:19:49,3520.000003,0,11.36708779,0.04976326,472.0460085,16,16,0,0,682.079834,1030.694824,870.2225952,-9999,0.338232988,0.155693252,-1,0.847622462,0.910244665,9.907335281,0.853826653,0.007069937,0.460313622,1.511105845,-1,1999.248901,0.5,132.8851247,2.36022085,4.518439925,39.11451721,2,4.644859791,1,9.289719582,39.03993225,39.11451721,38.94900513,900.133606,891.1613159,24.09437752,25.62617111,34.06954575,36.23550797,300.2672729,1999.248901,494.3621826,99.57070923,-10.71691513,0.797212839,0.666666687,-1.355140209,7.355140209,1,0,0.159999996,111115,1.501336365,0.002360221,312.2645172,312.1899323,319.8798171,0.852894749,7.070055957,71.00537911,45.379208,39.07722473,7.055893486,0.049498108,2.551616032,4.504277453,0.030960031,47.00195585,0.529697598,33.20367534,889.5094288,0.004243115,0,1749.250159,348.6149902,0.155693252,-9999
SHAF,Plot04,SOTU,,25,Top,na,Shafter_SOTU_Plot4_L25T_GE,1,20150610,PSC0179,Yes,Yes,,17,19:22:17,3668.000004,0,15.0761507,0.059410307,708.0875241,17,17,0,0,656.7216797,988.9051514,835.131897,-9999,0.335910346,0.155498487,-1,0.847622462,0.910244665,9.880584717,0.853809902,0.009192972,0.462916633,1.505820779,-1,1998.700439,0.5,132.6798787,2.804592454,4.501231641,39.12517929,2,4.644859791,1,9.289719582,39.03704071,39.12517929,38.94606018,1200.605103,1188.34436,24.02071953,25.84036636,33.96981049,36.54313278,300.2913208,1998.700439,495.2177734,99.56816864,-14.60338974,1.113256693,0.666666687,-1.355140209,7.355140209,1,0,0.159999996,111115,1.501456604,0.002804592,312.2751793,312.1870407,319.7920632,0.774030032,7.074109597,71.0479031,45.20753673,39.08111,7.057367836,0.059032776,2.572877956,4.48448988,0.036929219,70.50297801,0.59586055,33.55585769,1186.153465,0.004264989,0,1748.743547,332.1834717,0.155498487,-9999
SHAF,Plot04,SOTU,,25,Top,na,Shafter_SOTU_Plot4_L25T_GE,1,20150610,PSC0179,Yes,Yes,,18,19:26:23,3913.500004,0,22.9686087,0.069386191,860.565501,18,18,0,0,629.6799316,983.6918945,801.0167847,-9999,0.359880939,0.185703583,-1,0.847622462,0.910244665,9.853978157,0.85379324,0.013707498,0.516013946,1.562209378,-1,1998.539917,0.5,158.4367144,3.243549985,4.461153313,39.11598206,2,4.644859791,1,9.289719582,39.02453232,39.11598206,38.94833374,1500.25061,1481.749756,24.10449028,26.20840645,34.11039352,37.08765411,300.2535706,1998.539917,490.3652039,99.56574249,-21.33190536,1.409418344,0.666666687,-1.355140209,7.355140209,1,0,0.159999996,111115,1.501267853,0.00324355,312.2659821,312.1745323,319.7663796,0.69690152,7.07061276,71.01451346,44.80610701,39.07025719,7.053250168,0.068871779,2.609459448,4.443790721,0.043090785,85.68284307,0.580776543,34.17355079,1478.411913,0.005309203,0,1748.576512,354.0119629,0.185703583,-9999
SHAF,Plot03,SOTU,,26,Top,na,Shafter_SOTU_Plot3_L26T_GE,1,20150610,PSC0179,Yes,Yes,,19,19:30:44,4175.500004,0,14.15001607,0.050390314,388.1238529,19,19,0,0,626.2502441,1112.551147,812.6707153,-9999,0.437104312,0.269543052,-1,0.820871964,0.908949068,9.907335281,0.829598058,0.008659001,0.616656128,1.776528086,-1,1999.678711,0.5,223.5764706,2.458837988,4.646911663,39.38090897,2,4.644859791,1,9.289719582,38.93386841,39.38090897,38.9483757,900.4968262,889.6141357,23.76391602,25.36026001,33.79314423,36.0632019,300.2462158,1999.678711,456.7753906,99.56641388,-13.13738632,0.876405954,0.666666687,-1.355140209,7.355140209,1,0,0.159999996,111115,1.501231079,0.002458838,312.530909,312.0838684,319.9485866,0.81637775,7.171941807,72.03173769,46.67147768,39.15738869,7.086367603,0.050118456,2.525030144,4.561337459,0.031348347,38.64410018,0.43628337,32.25785335,887.5578281,0.005142754,0,1749.626222,486.3009033,0.269543052,-9999
SHAF,Plot03,SOTU,,26,Top,na,Shafter_SOTU_Plot3_L26T_GE,1,20150610,PSC0179,Yes,Yes,,20,19:33:11,4322.000005,0,18.31335319,0.052180676,553.7134817,20,20,0,0,615.9367676,1036.954102,795.1101074,-9999,0.406013471,0.23322536,-1,0.820871964,0.908949068,9.934230804,0.829621747,0.011044471,0.574427641,1.683539863,-1,1998.577759,0.5,193.351237,2.534546237,4.627422646,39.30040741,2,4.644859791,1,9.289719582,38.92449951,39.30040741,38.94411087,1200.071655,1185.872925,23.60073662,25.24616051,33.57705307,35.91801834,300.2944946,1998.577759,452.4971619,99.56352234,-16.85454941,0.928072214,0.333333343,-1.355140209,7.355140209,1,0,0.159999996,111115,1.501472473,0.002534546,312.4504074,312.0744995,319.7724343,0.80617192,7.141019311,71.72324907,46.47708857,39.11245346,7.069271568,0.051889212,2.513596666,4.555674902,0.032456818,55.1296646,0.466924803,32.2778769,1183.211593,0.004995862,0,1748.689817,421.017334,0.23322536,-9999
SHAF,Plot03,SOTU,,26,Top,na,Shafter_SOTU_Plot3_L26T_GE,1,20150610,PSC0179,Yes,Yes,,21,19:35:43,4473.500005,0,21.99576275,0.053044466,729.424905,21,21,0,0,609.7937012,1018.074829,784.7119141,-9999,0.401032533,0.229219806,-1,0.820871964,0.908949068,9.907335281,0.829598058,0.013142678,0.571574092,1.669539759,-1,1999.764648,0.5,190.1379288,2.581488415,4.637029274,39.28209305,2,4.644859791,1,9.289719582,38.93383408,39.28209305,38.94789886,1499.877197,1482.680542,23.40501595,25.0810051,33.27944565,35.66252136,300.3291626,1999.764648,450.0547485,99.55626678,-20.8163414,0.974865198,0.333333343,-1.355140209,7.355140209,1,0,0.159999996,111115,1.501645813,0.002581488,312.432093,312.0838341,319.9623366,0.800155693,7.134000509,71.65797533,46.57697023,39.10796356,7.06756531,0.0527433,2.496971235,4.570594076,0.032991489,72.61882044,0.491963632,32.0850214,1479.484075,0.004770139,0,1749.701414,408.2811279,0.229219806,-9999