OPEN 6.3.1,,,,,,,,,,,,,,,,,,,,,,,,,,,,,,,,,,,,,,,,,,,,,,,,,,,,,,,,,,,
Sat Jan 23 2016 13:52:44,,,,,,,,,,,,,,,,,,,,,,,,,,,,,,,,,,,,,,,,,,,,,,,,,,,,,,,,,,,
Unit=,PSC-3659,,,,,,,,,,,,,,,,,,,,,,,,,,,,,,,,,,,,,,,,,,,,,,,,,,,,,,,,,,
LightSource=,6400-02 or -02B LED Source,1,0.159999996,,,,,,,,,,,,,,,,,,,,,,,,,,,,,,,,,,,,,,,,,,,,,,,,,,,,,,,,
A/D AvgTime=,4,,,,,,,,,,,,,,,,,,,,,,,,,,,,,,,,,,,,,,,,,,,,,,,,,,,,,,,,,,
Log AvgTime=,15,,,,,,,,,,,,,,,,,,,,,,,,,,,,,,,,,,,,,,,,,,,,,,,,,,,,,,,,,,
Config=,/User/Configs/UserPrefs/BALI#2.xml,,,,,,,,,,,,,,,,,,,,,,,,,,,,,,,,,,,,,,,,,,,,,,,,,,,,,,,,,,
Remark=,e,,,,,,,,,,,,,,,,,,,,,,,,,,,,,,,,,,,,,,,,,,,,,,,,,,,,,,,,,,
,,,,,,,,,,,,,,,,,,,,,,,,,,,,,,,,,,,,,,,,,,,,,,,,,,,,,,,,,,,
Obs,HHMMSS,FTime,EBal?,Photo,Cond,Ci,Trmmol,VpdL,CTleaf,Area,BLC_1,StmRat,BLCond,Tair,Tleaf,TBlk,CO2R,CO2S,H2OR,H2OS,RH_R,RH_S,Flow,PARi,PARo,Press,CsMch,HsMch,CsMchSD,HsMchSD,CrMchSD,HrMchSD,StableF,BLCslope,BLCoffst,f_parin,f_parout,alphaK,Status,fda,Trans,Tair_K,Twall_K,R(W/m2),Tl-Ta,SVTleaf,h2o_i,h20diff,CTair,SVTair,CndTotal,vp_kPa,VpdA,CndCO2,Ci_Pa,Ci/Ca,RHsfc,C2sfc,AHs/Cs
in,in,in,in,out,out,out,out,out,out,in,out,in,out,in,in,in,in,in,in,in,in,in,in,in,in,in,in,in,in,in,in,in,in,in,in,in,in,in,in,out,out,out,out,out,out,out,out,out,out,out,out,out,out,out,out,out,out,out,out
Remark=,"""13:52:44 Launched AutoProg /User/Configs/AutoProgs/AutoLog2""
",,,,,,,,,,,,,,,,,,,,,,,,,,,,,,,,,,,,,,,,,,,,,,,,,,,,,,,,,,
Remark=,"""13:52:45 Lamp: Off""
",,,,,,,,,,,,,,,,,,,,,,,,,,,,,,,,,,,,,,,,,,,,,,,,,,,,,,,,,,
Remark=,"""13:52:45 CO2 Mixer: CO2R -> 400 uml""
",,,,,,,,,,,,,,,,,,,,,,,,,,,,,,,,,,,,,,,,,,,,,,,,,,,,,,,,,,
Remark=,"""13:52:45 Coolers: Tblock -> 30.00 C""
",,,,,,,,,,,,,,,,,,,,,,,,,,,,,,,,,,,,,,,,,,,,,,,,,,,,,,,,,,
Remark=,"""13:52:45 Flow: Fixed -> 300 umol/s""
",,,,,,,,,,,,,,,,,,,,,,,,,,,,,,,,,,,,,,,,,,,,,,,,,,,,,,,,,,
1,13:52:48,21.50000656,0,-0.895174378,0.025253033,448.7382171,0.341025284,1.265422207,30.33557892,6,1.420000017,1,2.840000033,30.04867172,30.33557892,29.99662399,399.3226013,400.8375244,31.20571899,31.86515045,70.55721283,72.04180908,300.402832,0.08485128,0.166428372,96.58960724,0.768904448,0.158472449,0.023236781,0.002802005,0.024616068,0.001836124,0.333333343,-0.219565243,2.737391472,1,0,0.159999996,111115,0.500671387,0.000341025,303.4855789,303.1986717,0.013576204,-0.208538812,4.343264574,44.9661687,13.10101825,30.19212532,4.307692755,0.025030465,3.077842367,1.229850388,0.015663886,43.34344814,1.119501518,69.9678003,401.2630474,-0.001560906
2,13:52:50,23.50000652,0,-0.875774808,0.025259957,447.5090964,0.341171584,1.265627516,30.33616066,6,1.420000017,1,2.840000033,30.04842949,30.33616066,29.99669266,399.3740845,400.8503113,31.20456123,31.86435509,70.55366516,72.04090118,300.3668823,0.031884722,0.103458889,96.59011841,0.768904448,0.158472449,0.023236781,0.002802005,0.024616068,0.001836124,0.333333343,-0.219565243,2.737391472,1,0,0.159999996,111115,0.500611471,0.000341172,303.4861607,303.1984295,0.005101555,-0.208819044,4.343409346,44.96742957,13.10307448,30.19229507,4.307734698,0.025037267,3.077781831,1.229952867,0.015668148,43.22495661,1.116399523,69.96399422,401.2666127,-0.001526982
3,13:52:52,25.50000647,0,-0.838117,0.025274944,445.1088715,0.341386587,1.265682603,30.3363781,6,1.420000017,1,2.840000033,30.04811668,30.3363781,29.99687576,399.4584045,400.859375,31.20401382,31.86429214,70.55234528,72.04146576,300.3356628,-0.011545611,0.095323414,96.59027863,0.768904448,0.158472449,0.023236781,0.002802005,0.024616068,0.001836124,0.666666687,-0.219565243,2.737391472,1,0,0.159999996,111115,0.500559438,0.000341387,303.4863781,303.1981167,-0.001847298,-0.209076394,4.343463459,44.96791521,13.10362306,30.19224739,4.307722916,0.025051991,3.077780856,1.22994206,0.015677374,42.99318991,1.110386582,69.96321162,401.2577757,-0.001461339
4,13:52:54,27.50000643,0,-0.804992113,0.025263236,443.0525462,0.341275093,1.265849792,30.33694649,6,1.420000017,1,2.840000033,30.04784966,30.33694649,29.99696159,399.5363159,400.8713074,31.2039032,31.86402321,70.55213928,72.04190826,300.3096619,-0.018970884,0.086120062,96.59028625,0.768904448,0.158472449,0.023236781,0.002802005,0.024616068,0.001836124,0.666666687,-0.219565243,2.737391472,1,0,0.159999996,111115,0.500516103,0.000341275,303.4869465,303.1978497,-0.003035341,-0.20914762,4.343604914,44.96937614,13.10535294,30.19239807,4.307760147,0.025040488,3.077755123,1.230005024,0.015670166,42.79457226,1.105223891,69.96008089,401.2539621,-0.001403533
5,13:52:56,29.50000638,0,-0.789663127,0.025261897,442.1052429,0.34128863,1.265965986,30.33720589,6,1.420000017,1,2.840000033,30.04767799,30.33720589,29.99672699,399.5858765,400.8903198,31.20330048,31.86349869,70.55147552,72.04164886,300.2861633,-0.015064822,0.097760595,96.59025574,0.768904448,0.158472449,0.023236781,0.002802005,0.024616068,0.001836124,0.666666687,-0.219565243,2.737391472,1,0,0.159999996,111115,0.500476939,0.000341289,303.4872059,303.197678,-0.002410371,-0.209205767,4.343669473,44.97005872,13.10656004,30.19244194,4.307770986,0.025039173,3.077703487,1.230067499,0.015669342,42.70305847,1.102808477,69.95775349,401.2656879,-0.00137672
6,13:52:58,31.50000634,0,-0.780986871,0.025269902,441.564359,0.341417494,1.266045153,30.33738518,6,1.420000017,1,2.840000033,30.04768372,30.33738518,29.99648666,399.626709,400.9137573,31.20269012,31.86316872,70.55010986,72.04094696,300.2721252,-0.014988876,0.103700683,96.59017181,0.768904448,0.158472449,0.023236781,0.002802005,0.024616068,0.001836124,0.333333343,-0.219565243,2.737391472,1,0,0.159999996,111115,0.500453542,0.000341417,303.4873852,303.1976837,-0.00239822,-0.20929332,4.343714094,44.97055976,13.10739105,30.19253445,4.307793843,0.025047037,3.077668941,1.230124902,0.01567427,42.6507773,1.101394878,69.95626468,401.2850011,-0.001361499
7,13:53:00,33.50000629,0,-0.776912957,0.025269764,441.3306393,0.341445451,1.266154614,30.33764076,6,1.420000017,1,2.840000033,30.04764366,30.33764076,29.99634743,399.6593018,400.9382019,31.20216751,31.86271667,70.54896545,72.04031372,300.2647705,-0.011129206,0.102594338,96.59010315,0.768904448,0.158472449,0.023236781,0.002802005,0.024616068,0.001836124,0.666666687,-0.219565243,2.737391472,1,0,0.159999996,111115,0.500441284,0.000341445,303.4876408,303.1976437,-0.001780673,-0.209340371,4.343777704,44.97125029,13.10853362,30.19264221,4.30782047,0.025046901,3.07762309,1.23019738,0.015674185,42.62817198,1.100744796,69.95410196,401.3075091,-0.001354279
8,13:53:02,35.50000625,0,-0.768756211,0.025255479,440.8757673,0.341312951,1.266373122,30.33812141,6,1.420000017,1,2.840000033,30.04748726,30.33812141,29.99619484,399.7104492,400.9732056,31.20135117,31.86168289,70.54701996,72.03876495,300.247406,-0.018550912,0.091906101,96.59013367,0.768904448,0.158472449,0.023236781,0.002802005,0.024616068,0.001836124,0.666666687,-0.219565243,2.737391472,1,0,0.159999996,111115,0.500412343,0.000341313,303.4881214,303.1974873,-0.002968146,-0.209374235,4.343897332,44.97247459,13.11079169,30.19280434,4.307860529,0.025032867,3.077524209,1.23033632,0.015665391,42.5842493,1.099514285,69.94959154,401.3386355,-0.001339871
9,13:53:04,38.00000619,0,-0.751685746,0.025260234,439.8323704,0.341422665,1.266542963,30.33834648,6,1.420000017,1,2.840000033,30.04722214,30.33834648,29.99580193,399.7902222,401.0188293,31.19994545,31.86053467,70.54483032,72.03748322,300.2272034,-0.031960443,0.087859631,96.59004211,0.768904448,0.158472449,0.023236781,0.002802005,0.024616068,0.001836124,0.666666687,-0.219565243,2.737391472,1,0,0.159999996,111115,0.500378672,0.000341423,303.4883465,303.1972221,-0.005113671,-0.209519535,4.343953348,44.97309716,13.11256249,30.19278431,4.30785558,0.025037539,3.077410385,1.230445195,0.015668318,42.48342718,1.096787328,69.94600695,401.3761447,-0.001309929
10,13:53:06,40.00000615,0,-0.754465029,0.025275614,440.0145217,0.341671652,1.266701737,30.33870316,6,1.420000017,1,2.840000033,30.04707336,30.33870316,29.99552345,399.8222656,401.0562134,31.19874001,31.8598175,70.54296112,72.03659821,300.2244568,-0.043182921,0.106270768,96.59001923,0.768904448,0.158472449,0.023236781,0.002802005,0.024616068,0.001836124,0.666666687,-0.219565243,2.737391472,1,0,0.159999996,111115,0.500374095,0.000341672,303.4887032,303.1970734,-0.006909267,-0.20973229,4.344042122,44.97402689,13.11420939,30.19288826,4.307881265,0.025052649,3.077340385,1.23054088,0.015677786,42.50101111,1.097139271,69.94301165,401.4148499,-0.001314589
11,13:53:08,42.0000061,0,-0.769642116,0.025303862,440.9561301,0.342092983,1.266859951,30.33918953,6,1.420000017,1,2.840000033,30.04700279,30.33918953,29.99542427,399.8320618,401.0959778,31.19753647,31.85943031,70.54093933,72.03613281,300.2240601,-0.053123031,0.117123619,96.59002686,0.768904448,0.158472449,0.023236781,0.002802005,0.024616068,0.001836124,0.666666687,-0.219565243,2.737391472,1,0,0.159999996,111115,0.500373433,0.000342093,303.4891895,303.1970028,-0.008499685,-0.210035507,4.34416318,44.97527666,13.11584634,30.19309616,4.307932636,0.0250804,3.07730323,1.230629406,0.015695175,42.59196444,1.09937809,69.94037804,401.4618288,-0.001340826
12,13:53:10,44.00000606,0,-0.784088003,0.02532077,441.8661292,0.342355053,1.266991347,30.33947563,6,1.420000017,1,2.840000033,30.04691124,30.33947563,29.99539375,399.8373718,401.1299133,31.19640923,31.8588047,70.53879547,72.03530121,300.2267151,-0.047548711,0.107623629,96.59003448,0.768904448,0.158472449,0.023236781,0.002802005,0.024616068,0.001836124,1,-0.219565243,2.737391472,1,0,0.159999996,111115,0.500377858,0.000342355,303.4894756,303.1969112,-0.007607794,-0.21020711,4.344234392,44.97601036,13.11720566,30.19319344,4.307956672,0.025097011,3.077243045,1.230713627,0.015705583,42.67986465,1.101553672,69.93792881,401.5026312,-0.001365807
13,13:53:12,46.00000601,0,-0.795436873,0.025320657,442.6085566,0.342378887,1.267085472,30.3395195,6,1.420000017,1,2.840000033,30.04666901,30.3395195,29.99541855,399.8434448,401.1585999,31.1955204,31.8579483,70.53738403,72.03427124,300.2331848,-0.040198769,0.103254817,96.59001923,0.768904448,0.158472449,0.023236781,0.002802005,0.024616068,0.001836124,1,-0.219565243,2.737391472,1,0,0.159999996,111115,0.500388641,0.000342379,303.4895195,303.196669,-0.006431803,-0.210244489,4.344245311,44.97613051,13.11818221,30.19309425,4.307932165,0.0250969,3.077159839,1.230772325,0.015705513,42.75156899,1.103325609,69.93578138,401.5367124,-0.001385415
14,13:53:14,48.00000597,0,-0.80716866,0.025312313,443.3861624,0.342269998,1.267096508,30.33924294,6,1.420000017,1,2.840000033,30.0464325,30.33924294,29.99559975,399.8425598,401.1812134,31.19493294,31.85714149,70.53668213,72.03337097,300.2373657,-0.033243373,0.106514052,96.58995819,0.768904448,0.158472449,0.023236781,0.002802005,0.024616068,0.001836124,1,-0.219565243,2.737391472,1,0,0.159999996,111115,0.50039561,0.00034227,303.4892429,303.1964325,-0.00531894,-0.21017227,4.344176473,44.97544625,13.11830475,30.19283772,4.307868776,0.025088703,3.077079965,1.230788811,0.015700377,42.82665089,1.105201708,69.93497889,401.5649027,-0.001405733
15,13:53:16,50.00000592,0,-0.816432883,0.025317277,443.9748816,0.342303816,1.266978175,30.33857346,6,1.420000017,1,2.840000033,30.04637718,30.33857346,29.9957943,399.838562,401.1956787,31.19434357,31.85661125,70.5355835,72.03230286,300.240387,-0.025498573,0.106167361,96.59004974,0.768904448,0.158472449,0.023236781,0.002802005,0.024616068,0.001836124,1,-0.219565243,2.737391472,1,0,0.159999996,111115,0.500400645,0.000342304,303.4885735,303.1963772,-0.004079772,-0.210091786,4.344009841,44.97367847,13.11706722,30.19247532,4.307779233,0.025093579,3.077031665,1.230747568,0.015703433,42.8835559,1.106629271,69.93672147,401.5837718,-0.001421836
16,13:53:19,52.50000587,0,-0.826776172,0.025328479,444.6191822,0.342421175,1.266861401,30.33797836,6,1.420000017,1,2.840000033,30.04636765,30.33797836,29.99612808,399.8330383,401.2107239,31.19371223,31.8562088,70.53414154,72.03166199,300.2396851,-0.022366151,0.101070426,96.59028625,0.768904448,0.158472449,0.023236781,0.002802005,0.024616068,0.001836124,1,-0.219565243,2.737391472,1,0,0.159999996,111115,0.500399475,0.000342421,303.4879784,303.1963676,-0.003578584,-0.2100651,4.343861728,44.97203494,13.11582613,30.192173,4.307704537,0.025104585,3.077000327,1.230704209,0.015710328,42.94589408,1.108193664,69.93861687,401.6037337,-0.001439817
17,13:53:21,54.50000582,0,-0.830624242,0.025313888,444.9025061,0.342227668,1.266869887,30.33778,6,1.420000017,1,2.840000033,30.04650497,30.33778,29.99635124,399.8365784,401.2221375,31.19346237,31.85560226,70.53308105,72.03036499,300.231842,-0.006260314,0.082035393,96.59030914,0.768904448,0.158472449,0.023236781,0.002802005,0.024616068,0.001836124,1,-0.219565243,2.737391472,1,0,0.159999996,111115,0.500386403,0.000342228,303.48778,303.196505,-0.00100165,-0.209894171,4.343812358,44.97151315,13.11591089,30.19214249,4.307696996,0.02509025,3.076942471,1.230754526,0.015701347,42.9732706,1.108868292,69.93793838,401.6169764,-0.001446456
18,13:53:23,56.50000578,0,-0.835017403,0.025286231,445.2433476,0.341848757,1.266840913,30.33713531,6,1.420000017,1,2.840000033,30.04662132,30.33713531,29.99626541,399.8343811,401.2290344,31.19283104,31.85424614,70.53135681,72.02752686,300.2284851,0.023288008,0.068651371,96.59029388,0.768904448,0.158472449,0.023236781,0.002802005,0.024616068,0.001836124,1,-0.219565243,2.737391472,1,0,0.159999996,111115,0.500380809,0.000341849,303.4871353,303.1966213,0.003726081,-0.209548975,4.343651909,44.96985913,13.11561299,30.19187832,4.307631726,0.025063079,3.076810996,1.23082073,0.015684321,43.00618579,1.109698724,69.93727237,401.6259617,-0.00145406
19,13:53:25,58.50000573,0,-0.841918538,0.025278531,445.702036,0.341736392,1.26680933,30.33661079,6,1.420000017,1,2.840000033,30.04669762,30.33661079,29.99637604,399.8278198,401.2363281,31.19201088,31.85319901,70.52924347,72.02477264,300.2331543,0.031032449,0.062826075,96.59036255,0.768904448,0.158472449,0.023236781,0.002802005,0.024616068,0.001836124,1,-0.219565243,2.737391472,1,0,0.159999996,111115,0.50038859,0.000341736,303.4866108,303.1966976,0.004965192,-0.209397557,4.34352137,44.96847569,13.11527668,30.19165421,4.307576353,0.025055515,3.07671204,1.230864313,0.015679582,43.05052124,1.11082174,69.93707559,401.6365359,-0.001466035
20,13:53:27,60.50000569,0,-0.847186664,0.025287402,446.0189208,0.341870194,1.266867906,30.33669853,6,1.420000017,1,2.840000033,30.04687119,30.33669853,29.99660301,399.8210144,401.2399292,31.19130135,31.85274315,70.52734375,72.02311707,300.2356567,0.016159773,0.052736551,96.59059143,0.768904448,0.158472449,0.023236781,0.002802005,0.024616068,0.001836124,1,-0.219565243,2.737391472,1,0,0.159999996,111115,0.500392761,0.00034187,303.4866985,303.1968712,0.002585564,-0.209479388,4.343543205,44.96859519,13.11585204,30.19178486,4.307608634,0.02506423,3.076675299,1.230933335,0.015685043,43.08123135,1.111601534,69.93593498,401.6426412,-0.001475162
21,13:53:29,62.50000564,0,-0.851416098,0.025300918,446.256318,0.342058578,1.266898577,30.33672714,6,1.420000017,1,2.840000033,30.04698563,30.33672714,29.99648285,399.8120117,401.2392273,31.19060516,31.85241127,70.5258255,72.02205658,300.2358398,0.001558338,0.04268169,96.59085846,0.768904448,0.158472449,0.023236781,0.002802005,0.024616068,0.001836124,1,-0.219565243,2.737391472,1,0,0.159999996,111115,0.500393066,0.000342059,303.4867271,303.1969856,0.000249334,-0.20958789,4.343550326,44.96854459,13.11613332,30.19185638,4.307626307,0.025077508,3.076651749,1.230974558,0.015693363,43.10428085,1.112195139,69.93540421,401.6439497,-0.00148251
22,13:53:31,64.5000056,0,-0.853298083,0.025329031,446.3173453,0.342431231,1.26688528,30.33662224,6,1.420000017,1,2.840000033,30.0468998,30.33662224,29.99621582,399.8101196,401.2407837,31.18972206,31.85224342,70.52427673,72.02161407,300.2384949,-0.008060989,0.042889725,96.59096527,0.768904448,0.158472449,0.023236781,0.002802005,0.024616068,0.001836124,1,-0.219565243,2.737391472,1,0,0.159999996,111115,0.500397491,0.000342431,303.4866222,303.1968998,-0.001289758,-0.20978815,4.343524218,44.96822457,13.11598115,30.19176102,4.307602744,0.025105127,3.076638938,1.230963805,0.015710668,43.1102232,1.112342921,69.93584165,401.6464007,-0.001485787
23,13:53:33,66.50000555,0,-0.845083284,0.025339441,445.7794563,0.342574103,1.26689759,30.33645439,6,1.420000017,1,2.840000033,30.0467453,30.33645439,29.99593735,399.8278198,401.2419434,31.18890953,31.85170364,70.52289581,72.02088928,300.2403259,-0.005175338,0.059220348,96.59090424,0.768904448,0.158472449,0.023236781,0.002802005,0.024616068,0.001836124,1,-0.219565243,2.737391472,1,0,0.159999996,111115,0.500400543,0.000342574,303.4864544,303.1967453,-0.000828054,-0.209852224,4.343482446,44.96782053,13.11611688,30.19159985,4.307562922,0.025115354,3.076584856,1.230978066,0.015717076,43.05824077,1.110999146,69.93538438,401.6436555,-0.001471484
24,13:53:35,69.0000055,0,-0.830264054,0.025357966,444.817566,0.342807449,1.266843602,30.33588982,6,1.420000017,1,2.840000033,30.04659271,30.33588982,29.99553299,399.8661194,401.2504272,31.1875782,31.85082054,70.52043915,72.01930237,300.2420654,0.001903296,0.073955871,96.59086609,0.768904448,0.158472449,0.023236781,0.002802005,0.024616068,0.001836124,1,-0.219565243,2.737391472,1,0,0.159999996,111115,0.500403442,0.000342807,303.4858898,303.1965927,0.000304527,-0.209899677,4.343341944,44.96638367,13.11556313,30.19124126,4.307474327,0.025133552,3.076498342,1.230975986,0.015728479,42.96531396,1.108578423,69.93592368,401.645095,-0.001445686
25,13:53:37,71.00000545,0,-0.815376628,0.025387421,443.8359289,0.343180251,1.266762374,30.33548927,6,1.420000017,1,2.840000033,30.04628944,30.33548927,29.99526978,399.9096069,401.263855,31.18669891,31.85066223,70.51901245,72.019104,300.2422485,0.000966062,0.079434052,96.59076691,0.768904448,0.158472449,0.023236781,0.002802005,0.024616068,0.001836124,1,-0.219565243,2.737391472,1,0,0.159999996,111115,0.500403748,0.00034318,303.4854893,303.1962894,0.00015457,-0.2100737,4.343242265,44.96539788,13.11473565,30.19088936,4.307387383,0.025162488,3.076479891,1.230907492,0.01574661,42.87045276,1.106094963,69.93748832,401.651446,-0.001419773
26,13:53:39,73.00000541,0,-0.797817808,0.025405732,442.7145921,0.343411621,1.266710308,30.33522415,6,1.420000017,1,2.840000033,30.04600525,30.33522415,29.99503899,399.9624634,401.2814331,31.18613052,31.85054588,70.51861572,72.0196991,300.2402954,-0.00618645,0.08442688,96.59068298,0.768904448,0.158472449,0.023236781,0.002802005,0.024616068,0.001836124,1,-0.219565243,2.737391472,1,0,0.159999996,111115,0.500400492,0.000343412,303.4852242,303.1960052,-0.000989832,-0.210204336,4.343176289,44.96475389,13.11420801,30.1906147,4.307319525,0.025180475,3.07646598,1.230853545,0.015757881,42.76210482,1.103252121,69.93847126,401.6606775,-0.001389186
27,13:53:41,75.00000536,0,-0.789412925,0.025410531,442.1982967,0.343466291,1.266674467,30.33484459,6,1.420000017,1,2.840000033,30.04577065,30.33484459,29.99482346,400.0001221,401.3022461,31.18544579,31.84997177,70.51783752,72.01944733,300.2382813,-0.007321013,0.085467085,96.5905838,0.768904448,0.158472449,0.023236781,0.002802005,0.024616068,0.001836124,1,-0.219565243,2.737391472,1,0,0.159999996,111115,0.500397135,0.000343466,303.4848446,303.1957706,-0.001171362,-0.210213906,4.343081835,44.96382218,13.11385041,30.19030762,4.307243657,0.02518519,3.076407367,1.23083629,0.015760835,42.71219163,1.101908352,69.93874197,401.6774952,-0.001374499
28,13:53:43,77.00000532,0,-0.778870496,0.02541754,441.5425005,0.343547416,1.266626528,30.33429337,6,1.420000017,1,2.840000033,30.04555321,30.33429337,29.99472809,400.0406189,401.3215942,31.18442345,31.84910583,70.51641083,72.01849365,300.2388,-0.000168272,0.096145883,96.59040833,0.768904448,0.158472449,0.023236781,0.002802005,0.024616068,0.001836124,1,-0.219565243,2.737391472,1,0,0.159999996,111115,0.500398,0.000343547,303.4842934,303.1955532,-2.69236E-05,-0.210196062,4.342944666,44.96248376,13.11337793,30.18992329,4.307148707,0.025192075,3.076318137,1.230830569,0.01576515,42.64877041,1.100221136,69.93903823,401.691832,-0.001356101
29,13:53:45,79.00000528,0,-0.760414639,0.025420153,440.3997942,0.343586901,1.266642325,30.33392715,6,1.420000017,1,2.840000033,30.04532814,30.33392715,29.99466896,400.0983276,401.3423767,31.18328857,31.84804916,70.51495361,72.01732635,300.2383118,0.015863409,0.098295234,96.59025574,0.768904448,0.158472449,0.023236781,0.002802005,0.024616068,0.001836124,1,-0.219565243,2.737391472,1,0,0.159999996,111115,0.500397186,0.000343587,303.4839272,303.1953281,0.002538145,-0.210167593,4.342853538,44.96161135,13.11356218,30.18962765,4.307075669,0.025194642,3.076211213,1.230864455,0.015766758,42.53832875,1.097316954,69.93809011,401.7038414,-0.001323909
30,13:53:47,81.00000523,0,-0.758552573,0.025445291,440.2673084,0.343939648,1.266699854,30.33392334,6,1.420000017,1,2.840000033,30.04518127,30.33392334,29.99476242,400.1344299,401.3744812,31.18202782,31.8474865,70.5128479,72.0163269,300.2314453,0.029256778,0.092852026,96.59012604,0.768904448,0.158472449,0.023236781,0.002802005,0.024616068,0.001836124,1,-0.219565243,2.737391472,1,0,0.159999996,111115,0.500385742,0.00034394,303.4839233,303.1951813,0.004681084,-0.210338375,4.342852589,44.96166189,13.1141754,30.18955231,4.307057056,0.025219336,3.076152735,1.230904321,0.015782231,42.52547481,1.096899103,69.9369899,401.7350608,-0.001320544
31,13:53:50,83.50000517,0,-0.77512045,0.025492482,441.2624628,0.344591224,1.266769772,30.33417702,6,1.420000017,1,2.840000033,30.04514694,30.33417702,29.99518013,400.1493225,401.421936,31.18071556,31.84743881,70.50992584,72.01609039,300.2297058,0.024324076,0.090356722,96.59005737,0.768904448,0.158472449,0.023236781,0.002802005,0.024616068,0.001836124,1,-0.219565243,2.737391472,1,0,0.159999996,111115,0.500382843,0.000344591,303.484177,303.1951469,0.003891852,-0.210710669,4.342915714,44.96234739,13.11490857,30.18966198,4.30708415,0.025265692,3.076145942,1.230938208,0.015811278,42.6215666,1.099248504,69.93625268,401.7903912,-0.001349187
32,13:53:52,85.50000513,0,-0.793357908,0.025491859,442.4349452,0.344595745,1.26681846,30.33411026,6,1.420000017,1,2.840000033,30.04503822,30.33411026,29.99541473,400.1441956,401.4532166,31.18001747,31.84674263,70.50891113,72.01538086,300.2330017,0.02462003,0.089385904,96.59011841,0.768904448,0.158472449,0.023236781,0.002802005,0.024616068,0.001836124,0.666666687,-0.219565243,2.737391472,1,0,0.159999996,111115,0.500388336,0.000344596,303.4841103,303.1950382,0.003939205,-0.210718066,4.342899102,44.96214699,13.11540436,30.18957424,4.307062475,0.02526508,3.076080642,1.230981833,0.015810894,42.73484375,1.102083448,69.93498965,401.8303409,-0.001380769
33,13:53:54,87.50000509,0,-0.810635392,0.025501715,443.5170842,0.344746818,1.266891387,30.33395767,6,1.420000017,1,2.840000033,30.04494286,30.33395767,29.99553299,400.1313782,401.4747925,31.17852783,31.84554672,70.50696564,72.01397705,300.2327271,0.027036859,0.08668121,96.59026337,0.768904448,0.158472449,0.023236781,0.002802005,0.024616068,0.001836124,1,-0.219565243,2.737391472,1,0,0.159999996,111115,0.500387878,0.000344747,303.4839577,303.1949429,0.004325897,-0.210781125,4.342861132,44.96168641,13.11613969,30.18945026,4.307031847,0.025274761,3.075969745,1.231062102,0.01581696,42.83943197,1.10471963,69.93312533,401.8601297,-0.001410696
34,13:53:56,89.50000504,0,-0.816688666,0.02553053,443.8516289,0.345147992,1.266948899,30.33374596,6,1.420000017,1,2.840000033,30.04476357,30.33374596,29.99562073,400.1334534,401.4886475,31.17658043,31.84438324,70.50371552,72.01230621,300.2296143,0.03246304,0.092783436,96.59033203,0.768904448,0.158472449,0.023236781,0.002802005,0.024616068,0.001836124,1,-0.219565243,2.737391472,1,0,0.159999996,111115,0.50038269,0.000345148,303.483746,303.1947636,0.005194086,-0.210966589,4.34280845,44.96110903,13.11672579,30.18925476,4.306983548,0.025303065,3.07585955,1.231123998,0.015834696,42.8717762,1.105514768,69.93172523,401.8768621,-0.001421143
35,13:53:58,91.500005,0,-0.824711607,0.025563382,444.3068403,0.345596484,1.266981207,30.33355141,6,1.420000017,1,2.840000033,30.04470062,30.33355141,29.99566269,400.1381226,401.5090027,31.17484093,31.84352493,70.50027466,72.01069641,300.2238464,0.043438859,0.088796355,96.5904007,0.768904448,0.158472449,0.023236781,0.002802005,0.024616068,0.001836124,1,-0.219565243,2.737391472,1,0,0.159999996,111115,0.500373077,0.000345596,303.4835514,303.1947006,0.006950217,-0.211152141,4.34276004,44.96057588,13.11705094,30.18912601,4.306951742,0.025335334,3.075778833,1.23117291,0.015854916,42.91577573,1.106592473,69.93098979,401.9010311,-0.001435003
36,13:54:00,93.50000495,0,-0.843908383,0.025590195,445.4695884,0.345991103,1.267111802,30.33380318,6,1.420000017,1,2.840000033,30.04482651,30.33380318,29.99575806,400.1212158,401.5301514,31.17333794,31.84279633,70.49687195,72.00888824,300.2192078,0.037001677,0.092090264,96.59047699,0.768904448,0.158472449,0.023236781,0.002802005,0.024616068,0.001836124,1,-0.219565243,2.737391472,1,0,0.159999996,111115,0.500365346,0.000345991,303.4838032,303.1948265,0.005920268,-0.211377276,4.342822688,44.96118897,13.11839264,30.18931484,4.306998391,0.025361671,3.075710886,1.231287505,0.015871419,43.02812003,1.109429981,69.92860738,401.931305,-0.001468244
37,13:54:02,95.50000491,0,-0.856755853,0.025601121,446.2547874,0.346186606,1.267291875,30.33419609,6,1.420000017,1,2.840000033,30.04479408,30.33419609,29.99582291,400.1042786,401.5386963,31.17211151,31.8419342,70.49401855,72.00724792,300.2257385,0.026444703,0.108038813,96.59050751,0.768904448,0.158472449,0.023236781,0.002802005,0.024616068,0.001836124,1,-0.219565243,2.737391472,1,0,0.159999996,111115,0.500376231,0.000346187,303.4841961,303.1947941,0.004231152,-0.21155135,4.34292046,44.96218699,13.12025278,30.18949509,4.30704292,0.025372402,3.075628585,1.231414335,0.015878143,43.1039764,1.111361848,69.92512349,401.945957,-0.001490468
38,13:54:04,97.50000486,0,-0.858774802,0.02558819,446.405288,0.346061309,1.267468319,30.33438492,6,1.420000017,1,2.840000033,30.04455185,30.33438492,29.99575043,400.0993347,401.5378418,31.17103195,31.84059143,70.49225616,72.00526428,300.2354736,0.033720508,0.104813509,96.59051514,0.768904448,0.158472449,0.023236781,0.002802005,0.024616068,0.001836124,1,-0.219565243,2.737391472,1,0,0.159999996,111115,0.500392456,0.000346061,303.4843849,303.1945518,0.005395281,-0.211534299,4.342967448,44.9626699,13.12207847,30.18946838,4.307036323,0.025359701,3.075499129,1.231537194,0.015870184,43.11851673,1.111739023,69.92113934,401.9460622,-0.001493895
39,13:54:06,100.0000048,0,-0.855679847,0.025595177,446.1924269,0.346236659,1.267767569,30.33495522,6,1.420000017,1,2.840000033,30.044384,30.33495522,29.99564552,400.1022339,401.5344238,31.16905975,31.83896255,70.48899841,72.002388,300.2341614,0.041440524,0.112059817,96.59051514,0.768904448,0.158472449,0.023236781,0.002802005,0.024616068,0.001836124,1,-0.219565243,2.737391472,1,0,0.159999996,111115,0.500390269,0.000346237,303.4849552,303.194384,0.006630484,-0.211707759,4.343109364,44.96413916,13.1251766,30.18966961,4.307086035,0.025366564,3.075341795,1.231744241,0.015874485,43.09795637,1.111218367,69.91509665,401.941173,-0.0014884
40,13:54:08,102.0000048,0,-0.851810639,0.025620537,445.8959208,0.346630511,1.267963346,30.33541679,6,1.420000017,1,2.840000033,30.04426956,30.33541679,29.99559212,400.1083679,401.5325317,31.16747475,31.83815002,70.48570251,72.00080109,300.2297363,0.036359761,0.129880801,96.59043884,0.768904448,0.158472449,0.023236781,0.002802005,0.024616068,0.001836124,1,-0.219565243,2.737391472,1,0,0.159999996,111115,0.500382894,0.000346631,303.4854168,303.1942696,0.005817562,-0.211991103,4.343224228,44.96536386,13.12721384,30.18984318,4.307128916,0.025391473,3.075260883,1.231868033,0.015890093,43.06928267,1.110485168,69.91150635,401.9374417,-0.001481608
41,13:54:10,104.0000047,0,-0.851463233,0.025652107,445.8090373,0.347067338,1.26801106,30.33546066,6,1.420000017,1,2.840000033,30.04419136,30.33546066,29.99550819,400.1092224,401.5323486,31.16629028,31.83781433,70.4831543,71.99998474,300.228241,0.023707014,0.129013911,96.59030151,0.768904448,0.158472449,0.023236781,0.002802005,0.024616068,0.001836124,1,-0.219565243,2.737391472,1,0,0.159999996,111115,0.500380402,0.000347067,303.4854607,303.1941914,0.003793122,-0.212247932,4.343235145,44.96554082,13.12772649,30.18982601,4.307124675,0.02542248,3.075224086,1.231900589,0.015909522,43.06082933,1.110269294,69.91078372,401.9370935,-0.00148099
42,13:54:12,106.0000047,0,-0.85260537,0.025673353,445.8307917,0.347380738,1.26811287,30.33570862,6,1.420000017,1,2.840000033,30.04420853,30.33570862,29.99553108,400.1021118,401.5272522,31.16533089,31.83745193,70.4805603,71.9987793,300.2325439,0.008957568,0.122772828,96.5901413,0.768904448,0.158472449,0.023236781,0.002802005,0.024616068,0.001836124,1,-0.219565243,2.737391472,1,0,0.159999996,111115,0.500387573,0.000347381,303.4857086,303.1942085,0.001433211,-0.212461871,4.343296851,44.96625424,13.12880231,30.18995857,4.307157424,0.025443347,3.075183981,1.231973443,0.015922598,43.06285916,1.110337566,69.90901292,401.93254,-0.001482955
43,13:54:14,108.0000046,0,-0.84767045,0.025685201,445.4929682,0.347565686,1.268206782,30.3357296,6,1.420000017,1,2.840000033,30.04403305,30.3357296,29.99565506,400.1055298,401.5206604,31.16409874,31.83657646,70.47837067,71.99734497,300.2333374,0.012879035,0.135497272,96.5900116,0.768904448,0.158472449,0.023236781,0.002802005,0.024616068,0.001836124,1,-0.219565243,2.737391472,1,0,0.159999996,111115,0.500388896,0.000347566,303.4857296,303.1940331,0.002060645,-0.21257348,4.343302072,44.96636868,13.12979222,30.18988132,4.30713834,0.025454984,3.07509529,1.23204305,0.01592989,43.03017097,1.109514434,69.90695698,401.9236023,-0.001474361
44,13:54:16,110.0000046,0,-0.846735247,0.025686678,445.437225,0.347580358,1.268189265,30.33520889,6,1.420000017,1,2.840000033,30.04385567,30.33520889,29.99588585,400.1127014,401.5259705,31.16290855,31.83542633,70.47622681,71.99549866,300.2284851,0.021931142,0.145448908,96.58998108,0.768904448,0.158472449,0.023236781,0.002802005,0.024616068,0.001836124,1,-0.219565243,2.737391472,1,0,0.159999996,111115,0.500380809,0.00034758,303.4852089,303.1938557,0.003508983,-0.21251784,4.343172491,44.96504133,13.129615,30.18953228,4.307052108,0.025456435,3.074983227,1.232068881,0.015930799,43.02477313,1.109360932,69.90652911,401.9284678,-0.001472708
45,13:54:18,112.0000045,0,-0.853599873,0.025694507,445.8568932,0.347677311,1.268161186,30.33466721,6,1.420000017,1,2.840000033,30.04387474,30.33466721,29.99604988,400.1084595,401.5354004,31.16160774,31.83433151,70.47333527,71.99331665,300.2206116,0.01201606,0.161606684,96.58995056,0.768904448,0.158472449,0.023236781,0.002802005,0.024616068,0.001836124,1,-0.219565243,2.737391472,1,0,0.159999996,111115,0.500367686,0.000347677,303.4846672,303.1938747,0.00192257,-0.212507931,4.343037693,44.96365997,13.12932845,30.18927097,4.306987554,0.025464124,3.074876507,1.232111047,0.015935617,43.06529527,1.110380038,69.90638234,401.9411609,-0.001484597
46,13:54:21,114.5000045,0,-0.861589336,0.025719267,446.2990547,0.347997584,1.268118313,30.33383751,6,1.420000017,1,2.840000033,30.04387093,30.33383751,29.99613953,400.0896301,401.5323181,31.1593399,31.83270073,70.46844482,71.98997498,300.2133789,0.005381308,0.177798718,96.58975983,0.768904448,0.158472449,0.023236781,0.002802005,0.024616068,0.001836124,1,-0.219565243,2.737391472,1,0,0.159999996,111115,0.500355632,0.000347998,303.4838375,303.1938709,0.000861009,-0.212567285,4.342831231,44.96161124,13.12891051,30.18885422,4.306884597,0.025488441,3.074712918,1.232171679,0.015950855,43.1079185,1.111489747,69.90628668,401.9418764,-0.001498488
47,13:54:23,116.5000044,0,-0.865852061,0.025713005,446.5744876,0.347905167,1.268087109,30.33312798,6,1.420000017,1,2.840000033,30.04406548,30.33312798,29.99628448,400.0788879,401.5301514,31.15808487,31.83125877,70.46491241,71.98655701,300.2174377,0.004419539,0.171176985,96.58956909,0.768904448,0.158472449,0.023236781,0.002802005,0.024616068,0.001836124,1,-0.219565243,2.737391472,1,0,0.159999996,111115,0.500362396,0.000347905,303.483128,303.1940655,0.000707126,-0.212400393,4.342654678,44.95987215,13.12861338,30.18859673,4.306820987,0.025482291,3.074567569,1.232253418,0.015947001,43.13443733,1.112181703,69.90578776,401.941736,-0.001505892
48,13:54:25,118.5000044,0,-0.872995814,0.025692804,447.0646498,0.347661174,1.26818412,30.33305359,6,1.420000017,1,2.840000033,30.0442028,30.33305359,29.99647903,400.0700378,401.5357666,31.15740967,31.83011055,70.46253967,71.98369598,300.2182007,0.015271856,0.171177283,96.58942413,0.768904448,0.158472449,0.023236781,0.002802005,0.024616068,0.001836124,1,-0.219565243,2.737391472,1,0,0.159999996,111115,0.500363668,0.000347661,303.4830536,303.1942028,0.002443497,-0.212230642,4.342636168,44.959748,13.12963745,30.1886282,4.306828762,0.025462451,3.074452048,1.232376713,0.015934568,43.18171708,1.113386869,69.90316496,401.950747,-0.001518225
49,13:54:27,120.5000043,0,-0.879072027,0.025677746,447.4757369,0.347496181,1.268317757,30.33307457,6,1.420000017,1,2.840000033,30.04398537,30.33307457,29.99643517,400.0609131,401.5389404,31.15643501,31.82882881,70.46066284,71.98138428,300.2131653,0.034707285,0.20314455,96.58927917,0.768904448,0.158472449,0.023236781,0.002802005,0.024616068,0.001836124,1,-0.219565243,2.737391472,1,0,0.159999996,111115,0.500355275,0.000347496,303.4830746,303.1939854,0.005553166,-0.212145741,4.342641389,44.95986952,13.13104071,30.18852997,4.306804496,0.025447662,3.074323632,1.232480864,0.015925302,43.22135887,1.114401847,69.89988965,401.9568092,-0.001528698
50,13:54:29,122.5000043,0,-0.879043414,0.025673967,447.4785032,0.347488386,1.2684735,30.33323097,6,1.420000017,1,2.840000033,30.04394341,30.33323097,29.99630547,400.0585938,401.5365906,31.1552639,31.82765198,70.45812225,71.97878265,300.2093506,0.042278852,0.225992441,96.58917999,0.768904448,0.158472449,0.023236781,0.002802005,0.024616068,0.001836124,1,-0.219565243,2.737391472,1,0,0.159999996,111115,0.500348918,0.000347488,303.483231,303.1939434,0.006764616,-0.212155094,4.342680306,44.9603186,13.13266662,30.18858719,4.306818631,0.025443951,3.074206806,1.232611826,0.015922976,43.22158169,1.114415258,69.89643497,401.9544457,-0.001528581
Remark=,"""13:54:31 Lamp: Off""
",,,,,,,,,,,,,,,,,,,,,,,,,,,,,,,,,,,,,,,,,,,,,,,,,,,,,,,,,,
Remark=,"""13:54:31 CO2 Mixer: CO2R -> 400 uml""
",,,,,,,,,,,,,,,,,,,,,,,,,,,,,,,,,,,,,,,,,,,,,,,,,,,,,,,,,,
Remark=,"""13:54:31 Coolers: Tblock -> 30.00 C""
",,,,,,,,,,,,,,,,,,,,,,,,,,,,,,,,,,,,,,,,,,,,,,,,,,,,,,,,,,
Remark=,"""13:54:31 Flow: Fixed -> 300 umol/s""
",,,,,,,,,,,,,,,,,,,,,,,,,,,,,,,,,,,,,,,,,,,,,,,,,,,,,,,,,,
